STATION,NAME,DATE,PRCP,TAVG,TMAX,TMIN
ASN00086282,"MELBOURNE AIRPORT, AS",01/01/2016,0,69,84,68
ASN00086282,"MELBOURNE AIRPORT, AS",02/01/2016,0,69,81,60
ASN00086282,"MELBOURNE AIRPORT, AS",03/01/2016,0,68,83,61
ASN00086282,"MELBOURNE AIRPORT, AS",04/01/2016,0,66,76,58
ASN00086282,"MELBOURNE AIRPORT, AS",05/01/2016,0.2,69,78,57
ASN00086282,"MELBOURNE AIRPORT, AS",06/01/2016,0,68,78,60
ASN00086282,"MELBOURNE AIRPORT, AS",07/01/2016,0,64,74,58
ASN00086282,"MELBOURNE AIRPORT, AS",08/01/2016,0,65,73,56
ASN00086282,"MELBOURNE AIRPORT, AS",09/01/2016,0,65,75,61
ASN00086282,"MELBOURNE AIRPORT, AS",10/01/2016,0,76,90,60
ASN00086282,"MELBOURNE AIRPORT, AS",11/01/2016,0,74,101,62
ASN00086282,"MELBOURNE AIRPORT, AS",12/01/2016,0.4,71,87,59
ASN00086282,"MELBOURNE AIRPORT, AS",13/01/2016,0,84,110,60
ASN00086282,"MELBOURNE AIRPORT, AS",14/01/2016,0.8,58,64,62
ASN00086282,"MELBOURNE AIRPORT, AS",15/01/2016,1.4,58,67,53
ASN00086282,"MELBOURNE AIRPORT, AS",16/01/2016,0.6,65,77,48
ASN00086282,"MELBOURNE AIRPORT, AS",17/01/2016,0,80,91,54
ASN00086282,"MELBOURNE AIRPORT, AS",18/01/2016,0,75,98,69
ASN00086282,"MELBOURNE AIRPORT, AS",19/01/2016,0,75,92,56
ASN00086282,"MELBOURNE AIRPORT, AS",20/01/2016,1.8,72,88,63
ASN00086282,"MELBOURNE AIRPORT, AS",21/01/2016,0.8,67,81,65
ASN00086282,"MELBOURNE AIRPORT, AS",22/01/2016,0.6,66,75,62
ASN00086282,"MELBOURNE AIRPORT, AS",23/01/2016,5.4,64,73,61
ASN00086282,"MELBOURNE AIRPORT, AS",24/01/2016,0,65,75,58
ASN00086282,"MELBOURNE AIRPORT, AS",25/01/2016,1.4,65,72,60
ASN00086282,"MELBOURNE AIRPORT, AS",26/01/2016,0,73,85,59
ASN00086282,"MELBOURNE AIRPORT, AS",27/01/2016,0,75,84,64
ASN00086282,"MELBOURNE AIRPORT, AS",28/01/2016,0.2,67,87,70
ASN00086282,"MELBOURNE AIRPORT, AS",29/01/2016,14.6,58,66,55
ASN00086282,"MELBOURNE AIRPORT, AS",30/01/2016,7.8,64,73,52
ASN00086282,"MELBOURNE AIRPORT, AS",31/01/2016,8.8,59,69,58
ASN00086282,"MELBOURNE AIRPORT, AS",01/02/2016,0.6,67,77,50
ASN00086282,"MELBOURNE AIRPORT, AS",02/02/2016,0,74,90,59
ASN00086282,"MELBOURNE AIRPORT, AS",03/02/2016,0.2,63,70,63
ASN00086282,"MELBOURNE AIRPORT, AS",04/02/2016,1.6,64,70,61
ASN00086282,"MELBOURNE AIRPORT, AS",05/02/2016,0,70,84,56
ASN00086282,"MELBOURNE AIRPORT, AS",06/02/2016,0,78,90,56
ASN00086282,"MELBOURNE AIRPORT, AS",07/02/2016,0,72,89,63
ASN00086282,"MELBOURNE AIRPORT, AS",08/02/2016,0,67,76,61
ASN00086282,"MELBOURNE AIRPORT, AS",09/02/2016,0,68,79,62
ASN00086282,"MELBOURNE AIRPORT, AS",10/02/2016,0,68,77,60
ASN00086282,"MELBOURNE AIRPORT, AS",11/02/2016,0,67,78,63
ASN00086282,"MELBOURNE AIRPORT, AS",12/02/2016,0,73,83,58
ASN00086282,"MELBOURNE AIRPORT, AS",13/02/2016,0,72,99,62
ASN00086282,"MELBOURNE AIRPORT, AS",14/02/2016,0.4,65,80,54
ASN00086282,"MELBOURNE AIRPORT, AS",15/02/2016,0,67,82,53
ASN00086282,"MELBOURNE AIRPORT, AS",16/02/2016,0.8,59,66,56
ASN00086282,"MELBOURNE AIRPORT, AS",17/02/2016,0,64,74,55
ASN00086282,"MELBOURNE AIRPORT, AS",18/02/2016,0.2,65,73,58
ASN00086282,"MELBOURNE AIRPORT, AS",19/02/2016,0,62,73,58
ASN00086282,"MELBOURNE AIRPORT, AS",20/02/2016,0,60,72,57
ASN00086282,"MELBOURNE AIRPORT, AS",21/02/2016,0,69,83,50
ASN00086282,"MELBOURNE AIRPORT, AS",22/02/2016,0,77,87,56
ASN00086282,"MELBOURNE AIRPORT, AS",23/02/2016,0,85,107,65
ASN00086282,"MELBOURNE AIRPORT, AS",24/02/2016,0.2,72,85,73
ASN00086282,"MELBOURNE AIRPORT, AS",25/02/2016,0.4,68,86,65
ASN00086282,"MELBOURNE AIRPORT, AS",26/02/2016,0,67,77,54
ASN00086282,"MELBOURNE AIRPORT, AS",27/02/2016,0,66,76,62
ASN00086282,"MELBOURNE AIRPORT, AS",28/02/2016,0,65,75,60
ASN00086282,"MELBOURNE AIRPORT, AS",29/02/2016,0,65,77,57
ASN00086282,"MELBOURNE AIRPORT, AS",01/03/2016,0,77,94,55
ASN00086282,"MELBOURNE AIRPORT, AS",02/03/2016,0,74,99,63
ASN00086282,"MELBOURNE AIRPORT, AS",03/03/2016,0,67,80,62
ASN00086282,"MELBOURNE AIRPORT, AS",04/03/2016,0,79,103,59
ASN00086282,"MELBOURNE AIRPORT, AS",05/03/2016,0,67,76,66
ASN00086282,"MELBOURNE AIRPORT, AS",06/03/2016,0,70,84,59
ASN00086282,"MELBOURNE AIRPORT, AS",07/03/2016,0,69,75,64
ASN00086282,"MELBOURNE AIRPORT, AS",08/03/2016,0,90,104,66
ASN00086282,"MELBOURNE AIRPORT, AS",09/03/2016,0,71,87,71
ASN00086282,"MELBOURNE AIRPORT, AS",10/03/2016,2.4,67,68,64
ASN00086282,"MELBOURNE AIRPORT, AS",11/03/2016,9.8,72,83,64
ASN00086282,"MELBOURNE AIRPORT, AS",12/03/2016,0,66,71,65
ASN00086282,"MELBOURNE AIRPORT, AS",13/03/2016,1,67,75,62
ASN00086282,"MELBOURNE AIRPORT, AS",14/03/2016,0,62,68,62
ASN00086282,"MELBOURNE AIRPORT, AS",15/03/2016,0,67,82,55
ASN00086282,"MELBOURNE AIRPORT, AS",16/03/2016,0,77,89,56
ASN00086282,"MELBOURNE AIRPORT, AS",17/03/2016,0,78,92,62
ASN00086282,"MELBOURNE AIRPORT, AS",18/03/2016,8.2,57,69,57
ASN00086282,"MELBOURNE AIRPORT, AS",19/03/2016,3,58,67,51
ASN00086282,"MELBOURNE AIRPORT, AS",20/03/2016,1.2,59,72,51
ASN00086282,"MELBOURNE AIRPORT, AS",21/03/2016,0,61,73,48
ASN00086282,"MELBOURNE AIRPORT, AS",22/03/2016,0,65,79,49
ASN00086282,"MELBOURNE AIRPORT, AS",23/03/2016,0,70,85,55
ASN00086282,"MELBOURNE AIRPORT, AS",24/03/2016,0.6,62,70,62
ASN00086282,"MELBOURNE AIRPORT, AS",25/03/2016,0.2,61,71,55
ASN00086282,"MELBOURNE AIRPORT, AS",26/03/2016,0,61,69,52
ASN00086282,"MELBOURNE AIRPORT, AS",27/03/2016,0.8,56,67,55
ASN00086282,"MELBOURNE AIRPORT, AS",28/03/2016,0,61,67,45
ASN00086282,"MELBOURNE AIRPORT, AS",29/03/2016,0,60,64,54
ASN00086282,"MELBOURNE AIRPORT, AS",30/03/2016,0,56,65,56
ASN00086282,"MELBOURNE AIRPORT, AS",31/03/2016,0,64,76,45
ASN00086282,"MELBOURNE AIRPORT, AS",01/04/2016,0,71,81,54
ASN00086282,"MELBOURNE AIRPORT, AS",02/04/2016,0,57,70,59
ASN00086282,"MELBOURNE AIRPORT, AS",03/04/2016,0,56,68,47
ASN00086282,"MELBOURNE AIRPORT, AS",04/04/2016,0,62,75,46
ASN00086282,"MELBOURNE AIRPORT, AS",05/04/2016,0,69,85,51
ASN00086282,"MELBOURNE AIRPORT, AS",06/04/2016,8,52,60,54
ASN00086282,"MELBOURNE AIRPORT, AS",07/04/2016,3.4,57,65,45
ASN00086282,"MELBOURNE AIRPORT, AS",08/04/2016,0,58,68,50
ASN00086282,"MELBOURNE AIRPORT, AS",09/04/2016,0,62,73,48
ASN00086282,"MELBOURNE AIRPORT, AS",10/04/2016,0,64,74,53
ASN00086282,"MELBOURNE AIRPORT, AS",11/04/2016,0,60,69,57
ASN00086282,"MELBOURNE AIRPORT, AS",12/04/2016,0,58,67,55
ASN00086282,"MELBOURNE AIRPORT, AS",13/04/2016,0,58,67,53
ASN00086282,"MELBOURNE AIRPORT, AS",14/04/2016,0,65,82,50
ASN00086282,"MELBOURNE AIRPORT, AS",15/04/2016,0,66,84,53
ASN00086282,"MELBOURNE AIRPORT, AS",16/04/2016,0,58,69,54
ASN00086282,"MELBOURNE AIRPORT, AS",17/04/2016,1.4,55,67,54
ASN00086282,"MELBOURNE AIRPORT, AS",18/04/2016,0,66,78,46
ASN00086282,"MELBOURNE AIRPORT, AS",19/04/2016,0,69,82,54
ASN00086282,"MELBOURNE AIRPORT, AS",20/04/2016,0,74,84,60
ASN00086282,"MELBOURNE AIRPORT, AS",21/04/2016,0,62,77,68
ASN00086282,"MELBOURNE AIRPORT, AS",22/04/2016,17.8,56,62,56
ASN00086282,"MELBOURNE AIRPORT, AS",23/04/2016,0.2,56,65,51
ASN00086282,"MELBOURNE AIRPORT, AS",24/04/2016,0.2,58,70,46
ASN00086282,"MELBOURNE AIRPORT, AS",25/04/2016,0,63,77,48
ASN00086282,"MELBOURNE AIRPORT, AS",26/04/2016,0,67,78,48
ASN00086282,"MELBOURNE AIRPORT, AS",27/04/2016,0,70,75,57
ASN00086282,"MELBOURNE AIRPORT, AS",28/04/2016,0,67,74,64
ASN00086282,"MELBOURNE AIRPORT, AS",29/04/2016,0.8,62,66,60
ASN00086282,"MELBOURNE AIRPORT, AS",30/04/2016,4.6,65,74,59
ASN00086282,"MELBOURNE AIRPORT, AS",01/05/2016,6.6,52,62,56
ASN00086282,"MELBOURNE AIRPORT, AS",02/05/2016,0,58,64,45
ASN00086282,"MELBOURNE AIRPORT, AS",03/05/2016,0,55,67,52
ASN00086282,"MELBOURNE AIRPORT, AS",04/05/2016,0.8,57,63,44
ASN00086282,"MELBOURNE AIRPORT, AS",05/05/2016,0,62,70,51
ASN00086282,"MELBOURNE AIRPORT, AS",06/05/2016,0,63,77,57
ASN00086282,"MELBOURNE AIRPORT, AS",07/05/2016,0,66,78,49
ASN00086282,"MELBOURNE AIRPORT, AS",08/05/2016,4,64,66,58
ASN00086282,"MELBOURNE AIRPORT, AS",09/05/2016,1.6,60,70,59
ASN00086282,"MELBOURNE AIRPORT, AS",10/05/2016,10.6,56,62,54
ASN00086282,"MELBOURNE AIRPORT, AS",11/05/2016,0,59,62,51
ASN00086282,"MELBOURNE AIRPORT, AS",12/05/2016,0,63,71,55
ASN00086282,"MELBOURNE AIRPORT, AS",13/05/2016,0,61,71,56
ASN00086282,"MELBOURNE AIRPORT, AS",14/05/2016,0,63,70,54
ASN00086282,"MELBOURNE AIRPORT, AS",15/05/2016,0,56,70,55
ASN00086282,"MELBOURNE AIRPORT, AS",16/05/2016,0,60,66,43
ASN00086282,"MELBOURNE AIRPORT, AS",17/05/2016,0.4,57,63,52
ASN00086282,"MELBOURNE AIRPORT, AS",18/05/2016,0,59,67,53
ASN00086282,"MELBOURNE AIRPORT, AS",19/05/2016,0,58,64,54
ASN00086282,"MELBOURNE AIRPORT, AS",20/05/2016,1,52,63,48
ASN00086282,"MELBOURNE AIRPORT, AS",21/05/2016,0,57,65,43
ASN00086282,"MELBOURNE AIRPORT, AS",22/05/2016,0,62,69,50
ASN00086282,"MELBOURNE AIRPORT, AS",23/05/2016,0.8,53,61,52
ASN00086282,"MELBOURNE AIRPORT, AS",24/05/2016,1.6,52,61,47
ASN00086282,"MELBOURNE AIRPORT, AS",25/05/2016,0,52,60,45
ASN00086282,"MELBOURNE AIRPORT, AS",26/05/2016,11.4,48,52,49
ASN00086282,"MELBOURNE AIRPORT, AS",27/05/2016,6.4,48,58,43
ASN00086282,"MELBOURNE AIRPORT, AS",28/05/2016,0.4,50,56,38
ASN00086282,"MELBOURNE AIRPORT, AS",29/05/2016,1.4,46,55,47
ASN00086282,"MELBOURNE AIRPORT, AS",30/05/2016,0,45,57,39
ASN00086282,"MELBOURNE AIRPORT, AS",31/05/2016,0,48,62,34
ASN00086282,"MELBOURNE AIRPORT, AS",01/06/2016,0,48,61,39
ASN00086282,"MELBOURNE AIRPORT, AS",02/06/2016,0,48,56,36
ASN00086282,"MELBOURNE AIRPORT, AS",03/06/2016,0,51,57,43
ASN00086282,"MELBOURNE AIRPORT, AS",04/06/2016,5.4,54,58,47
ASN00086282,"MELBOURNE AIRPORT, AS",05/06/2016,4,52,57,51
ASN00086282,"MELBOURNE AIRPORT, AS",06/06/2016,5,51,56,44
ASN00086282,"MELBOURNE AIRPORT, AS",07/06/2016,0,53,58,47
ASN00086282,"MELBOURNE AIRPORT, AS",08/06/2016,1.6,54,56,45
ASN00086282,"MELBOURNE AIRPORT, AS",09/06/2016,1,53,63,50
ASN00086282,"MELBOURNE AIRPORT, AS",10/06/2016,0.4,51,59,45
ASN00086282,"MELBOURNE AIRPORT, AS",11/06/2016,5.4,46,55,43
ASN00086282,"MELBOURNE AIRPORT, AS",12/06/2016,0.4,45,56,39
ASN00086282,"MELBOURNE AIRPORT, AS",13/06/2016,0,50,55,38
ASN00086282,"MELBOURNE AIRPORT, AS",14/06/2016,0,50,58,44
ASN00086282,"MELBOURNE AIRPORT, AS",15/06/2016,0,51,63,43
ASN00086282,"MELBOURNE AIRPORT, AS",16/06/2016,0,53,56,44
ASN00086282,"MELBOURNE AIRPORT, AS",17/06/2016,3.2,54,58,47
ASN00086282,"MELBOURNE AIRPORT, AS",18/06/2016,16.6,48,53,49
ASN00086282,"MELBOURNE AIRPORT, AS",19/06/2016,0.2,52,54,41
ASN00086282,"MELBOURNE AIRPORT, AS",20/06/2016,7,51,54,48
ASN00086282,"MELBOURNE AIRPORT, AS",21/06/2016,5.2,51,57,46
ASN00086282,"MELBOURNE AIRPORT, AS",22/06/2016,0.2,53,59,47
ASN00086282,"MELBOURNE AIRPORT, AS",23/06/2016,0,48,56,48
ASN00086282,"MELBOURNE AIRPORT, AS",24/06/2016,10.4,42,49,40
ASN00086282,"MELBOURNE AIRPORT, AS",25/06/2016,0,44,53,35
ASN00086282,"MELBOURNE AIRPORT, AS",26/06/2016,0,45,50,36
ASN00086282,"MELBOURNE AIRPORT, AS",27/06/2016,0.2,46,51,41
ASN00086282,"MELBOURNE AIRPORT, AS",28/06/2016,0.2,51,61,41
ASN00086282,"MELBOURNE AIRPORT, AS",29/06/2016,0,51,59,45
ASN00086282,"MELBOURNE AIRPORT, AS",30/06/2016,0,47,51,47
ASN00086282,"MELBOURNE AIRPORT, AS",01/07/2016,3.6,52,56,42
ASN00086282,"MELBOURNE AIRPORT, AS",02/07/2016,0,54,59,48
ASN00086282,"MELBOURNE AIRPORT, AS",03/07/2016,0,53,61,47
ASN00086282,"MELBOURNE AIRPORT, AS",04/07/2016,0,49,53,49
ASN00086282,"MELBOURNE AIRPORT, AS",05/07/2016,2,51,53,44
ASN00086282,"MELBOURNE AIRPORT, AS",06/07/2016,24,51,53,46
ASN00086282,"MELBOURNE AIRPORT, AS",07/07/2016,10.6,50,54,49
ASN00086282,"MELBOURNE AIRPORT, AS",08/07/2016,0.6,49,60,45
ASN00086282,"MELBOURNE AIRPORT, AS",09/07/2016,0,50,58,40
ASN00086282,"MELBOURNE AIRPORT, AS",10/07/2016,0,52,54,42
ASN00086282,"MELBOURNE AIRPORT, AS",11/07/2016,3,54,58,51
ASN00086282,"MELBOURNE AIRPORT, AS",12/07/2016,0,44,55,49
ASN00086282,"MELBOURNE AIRPORT, AS",13/07/2016,0.8,46,51,38
ASN00086282,"MELBOURNE AIRPORT, AS",14/07/2016,0,49,55,39
ASN00086282,"MELBOURNE AIRPORT, AS",15/07/2016,0,49,55,44
ASN00086282,"MELBOURNE AIRPORT, AS",16/07/2016,0,46,57,39
ASN00086282,"MELBOURNE AIRPORT, AS",17/07/2016,0,54,59,36
ASN00086282,"MELBOURNE AIRPORT, AS",18/07/2016,0,57,66,48
ASN00086282,"MELBOURNE AIRPORT, AS",19/07/2016,0,53,59,52
ASN00086282,"MELBOURNE AIRPORT, AS",20/07/2016,1,50,59,46
ASN00086282,"MELBOURNE AIRPORT, AS",21/07/2016,2.6,58,63,42
ASN00086282,"MELBOURNE AIRPORT, AS",22/07/2016,8.4,52,63,53
ASN00086282,"MELBOURNE AIRPORT, AS",23/07/2016,1.2,43,51,43
ASN00086282,"MELBOURNE AIRPORT, AS",24/07/2016,0.4,46,53,36
ASN00086282,"MELBOURNE AIRPORT, AS",25/07/2016,0,48,56,41
ASN00086282,"MELBOURNE AIRPORT, AS",26/07/2016,2.6,47,50,40
ASN00086282,"MELBOURNE AIRPORT, AS",27/07/2016,0.2,47,53,44
ASN00086282,"MELBOURNE AIRPORT, AS",28/07/2016,0,51,60,41
ASN00086282,"MELBOURNE AIRPORT, AS",29/07/2016,0,51,58,46
ASN00086282,"MELBOURNE AIRPORT, AS",30/07/2016,2.2,52,57,45
ASN00086282,"MELBOURNE AIRPORT, AS",31/07/2016,0.2,55,61,48
ASN00086282,"MELBOURNE AIRPORT, AS",01/08/2016,2.6,49,56,51
ASN00086282,"MELBOURNE AIRPORT, AS",02/08/2016,9.2,49,54,40
ASN00086282,"MELBOURNE AIRPORT, AS",03/08/2016,2.4,46,54,44
ASN00086282,"MELBOURNE AIRPORT, AS",04/08/2016,0.4,45,56,38
ASN00086282,"MELBOURNE AIRPORT, AS",05/08/2016,0,47,59,36
ASN00086282,"MELBOURNE AIRPORT, AS",06/08/2016,0,50,56,38
ASN00086282,"MELBOURNE AIRPORT, AS",07/08/2016,0,49,60,42
ASN00086282,"MELBOURNE AIRPORT, AS",08/08/2016,0,51,56,39
ASN00086282,"MELBOURNE AIRPORT, AS",09/08/2016,0,54,62,48
ASN00086282,"MELBOURNE AIRPORT, AS",10/08/2016,0.6,49,59,45
ASN00086282,"MELBOURNE AIRPORT, AS",11/08/2016,3.8,50,57,39
ASN00086282,"MELBOURNE AIRPORT, AS",12/08/2016,0,49,57,41
ASN00086282,"MELBOURNE AIRPORT, AS",13/08/2016,0.6,52,58,42
ASN00086282,"MELBOURNE AIRPORT, AS",14/08/2016,0,53,62,44
ASN00086282,"MELBOURNE AIRPORT, AS",15/08/2016,0,54,63,45
ASN00086282,"MELBOURNE AIRPORT, AS",16/08/2016,0,57,64,47
ASN00086282,"MELBOURNE AIRPORT, AS",17/08/2016,0.4,51,59,51
ASN00086282,"MELBOURNE AIRPORT, AS",18/08/2016,0,62,68,41
ASN00086282,"MELBOURNE AIRPORT, AS",19/08/2016,0,47,60,56
ASN00086282,"MELBOURNE AIRPORT, AS",20/08/2016,6,51,55,41
ASN00086282,"MELBOURNE AIRPORT, AS",21/08/2016,0.4,51,57,47
ASN00086282,"MELBOURNE AIRPORT, AS",22/08/2016,1.8,49,62,47
ASN00086282,"MELBOURNE AIRPORT, AS",23/08/2016,2,45,57,42
ASN00086282,"MELBOURNE AIRPORT, AS",24/08/2016,0.2,47,56,35
ASN00086282,"MELBOURNE AIRPORT, AS",25/08/2016,0,47,55,40
ASN00086282,"MELBOURNE AIRPORT, AS",26/08/2016,0.2,50,55,40
ASN00086282,"MELBOURNE AIRPORT, AS",27/08/2016,0,52,60,41
ASN00086282,"MELBOURNE AIRPORT, AS",28/08/2016,0,53,65,47
ASN00086282,"MELBOURNE AIRPORT, AS",29/08/2016,0,56,65,45
ASN00086282,"MELBOURNE AIRPORT, AS",30/08/2016,0,56,62,46
ASN00086282,"MELBOURNE AIRPORT, AS",31/08/2016,0,57,67,53
ASN00086282,"MELBOURNE AIRPORT, AS",01/09/2016,1,52,59,48
ASN00086282,"MELBOURNE AIRPORT, AS",02/09/2016,4.4,52,56,48
ASN00086282,"MELBOURNE AIRPORT, AS",03/09/2016,1.2,52,58,47
ASN00086282,"MELBOURNE AIRPORT, AS",04/09/2016,0.2,56,62,44
ASN00086282,"MELBOURNE AIRPORT, AS",05/09/2016,0,56,64,50
ASN00086282,"MELBOURNE AIRPORT, AS",06/09/2016,0,56,69,47
ASN00086282,"MELBOURNE AIRPORT, AS",07/09/2016,0,60,69,45
ASN00086282,"MELBOURNE AIRPORT, AS",08/09/2016,0,65,72,54
ASN00086282,"MELBOURNE AIRPORT, AS",09/09/2016,1.4,55,60,58
ASN00086282,"MELBOURNE AIRPORT, AS",10/09/2016,13.4,50,57,49
ASN00086282,"MELBOURNE AIRPORT, AS",11/09/2016,1.2,53,62,44
ASN00086282,"MELBOURNE AIRPORT, AS",12/09/2016,1.6,51,57,48
ASN00086282,"MELBOURNE AIRPORT, AS",13/09/2016,12.4,53,56,48
ASN00086282,"MELBOURNE AIRPORT, AS",14/09/2016,20.4,50,59,49
ASN00086282,"MELBOURNE AIRPORT, AS",15/09/2016,3.2,51,58,44
ASN00086282,"MELBOURNE AIRPORT, AS",16/09/2016,1.6,53,60,45
ASN00086282,"MELBOURNE AIRPORT, AS",17/09/2016,0,58,66,49
ASN00086282,"MELBOURNE AIRPORT, AS",18/09/2016,0.4,48,53,49
ASN00086282,"MELBOURNE AIRPORT, AS",19/09/2016,2.8,51,60,41
ASN00086282,"MELBOURNE AIRPORT, AS",20/09/2016,0,56,66,44
ASN00086282,"MELBOURNE AIRPORT, AS",21/09/2016,3,53,60,49
ASN00086282,"MELBOURNE AIRPORT, AS",22/09/2016,2.2,49,54,47
ASN00086282,"MELBOURNE AIRPORT, AS",23/09/2016,0.2,53,64,45
ASN00086282,"MELBOURNE AIRPORT, AS",24/09/2016,0,56,67,45
ASN00086282,"MELBOURNE AIRPORT, AS",25/09/2016,11.6,50,60,44
ASN00086282,"MELBOURNE AIRPORT, AS",26/09/2016,0.4,50,62,45
ASN00086282,"MELBOURNE AIRPORT, AS",27/09/2016,9,51,60,40
ASN00086282,"MELBOURNE AIRPORT, AS",28/09/2016,2,58,64,44
ASN00086282,"MELBOURNE AIRPORT, AS",29/09/2016,4.4,51,61,53
ASN00086282,"MELBOURNE AIRPORT, AS",30/09/2016,1.8,53,59,43
ASN00086282,"MELBOURNE AIRPORT, AS",01/10/2016,2,56,64,48
ASN00086282,"MELBOURNE AIRPORT, AS",02/10/2016,0,60,72,51
ASN00086282,"MELBOURNE AIRPORT, AS",03/10/2016,11.4,54,60,47
ASN00086282,"MELBOURNE AIRPORT, AS",04/10/2016,0.4,50,62,49
ASN00086282,"MELBOURNE AIRPORT, AS",05/10/2016,2.8,55,61,43
ASN00086282,"MELBOURNE AIRPORT, AS",06/10/2016,0.2,68,77,47
ASN00086282,"MELBOURNE AIRPORT, AS",07/10/2016,0,55,70,58
ASN00086282,"MELBOURNE AIRPORT, AS",08/10/2016,0.2,54,62,43
ASN00086282,"MELBOURNE AIRPORT, AS",09/10/2016,0,59,69,44
ASN00086282,"MELBOURNE AIRPORT, AS",10/10/2016,0.6,48,61,52
ASN00086282,"MELBOURNE AIRPORT, AS",11/10/2016,3.8,51,59,41
ASN00086282,"MELBOURNE AIRPORT, AS",12/10/2016,0.2,48,61,46
ASN00086282,"MELBOURNE AIRPORT, AS",13/10/2016,3.2,48,59,39
ASN00086282,"MELBOURNE AIRPORT, AS",14/10/2016,0,59,71,36
ASN00086282,"MELBOURNE AIRPORT, AS",15/10/2016,0,66,74,48
ASN00086282,"MELBOURNE AIRPORT, AS",16/10/2016,0,55,71,57
ASN00086282,"MELBOURNE AIRPORT, AS",17/10/2016,7.6,56,65,43
ASN00086282,"MELBOURNE AIRPORT, AS",18/10/2016,0.6,47,61,49
ASN00086282,"MELBOURNE AIRPORT, AS",19/10/2016,3.4,52,61,38
ASN00086282,"MELBOURNE AIRPORT, AS",20/10/2016,0,62,70,43
ASN00086282,"MELBOURNE AIRPORT, AS",21/10/2016,0,47,61,54
ASN00086282,"MELBOURNE AIRPORT, AS",22/10/2016,13.2,47,53,40
ASN00086282,"MELBOURNE AIRPORT, AS",23/10/2016,24.8,50,56,42
ASN00086282,"MELBOURNE AIRPORT, AS",24/10/2016,0.6,55,64,47
ASN00086282,"MELBOURNE AIRPORT, AS",25/10/2016,0,66,75,47
ASN00086282,"MELBOURNE AIRPORT, AS",26/10/2016,0,52,67,57
ASN00086282,"MELBOURNE AIRPORT, AS",27/10/2016,1.8,50,60,45
ASN00086282,"MELBOURNE AIRPORT, AS",28/10/2016,0,54,63,38
ASN00086282,"MELBOURNE AIRPORT, AS",29/10/2016,0,67,76,44
ASN00086282,"MELBOURNE AIRPORT, AS",30/10/2016,0,56,79,53
ASN00086282,"MELBOURNE AIRPORT, AS",31/10/2016,0.6,53,63,43
ASN00086282,"MELBOURNE AIRPORT, AS",01/11/2016,0.2,53,66,42
ASN00086282,"MELBOURNE AIRPORT, AS",02/11/2016,1.4,55,66,41
ASN00086282,"MELBOURNE AIRPORT, AS",03/11/2016,0,58,71,44
ASN00086282,"MELBOURNE AIRPORT, AS",04/11/2016,0,64,83,45
ASN00086282,"MELBOURNE AIRPORT, AS",05/11/2016,0,55,62,47
ASN00086282,"MELBOURNE AIRPORT, AS",06/11/2016,0,63,71,51
ASN00086282,"MELBOURNE AIRPORT, AS",07/11/2016,0,60,78,56
ASN00086282,"MELBOURNE AIRPORT, AS",08/11/2016,0.6,56,65,46
ASN00086282,"MELBOURNE AIRPORT, AS",09/11/2016,0,55,65,46
ASN00086282,"MELBOURNE AIRPORT, AS",10/11/2016,0,53,65,47
ASN00086282,"MELBOURNE AIRPORT, AS",11/11/2016,0,61,71,41
ASN00086282,"MELBOURNE AIRPORT, AS",12/11/2016,3.8,62,76,52
ASN00086282,"MELBOURNE AIRPORT, AS",13/11/2016,2.2,55,66,51
ASN00086282,"MELBOURNE AIRPORT, AS",14/11/2016,11.2,54,62,49
ASN00086282,"MELBOURNE AIRPORT, AS",15/11/2016,0,56,66,47
ASN00086282,"MELBOURNE AIRPORT, AS",16/11/2016,0,61,71,47
ASN00086282,"MELBOURNE AIRPORT, AS",17/11/2016,0,71,88,50
ASN00086282,"MELBOURNE AIRPORT, AS",18/11/2016,0,57,68,57
ASN00086282,"MELBOURNE AIRPORT, AS",19/11/2016,0,60,72,50
ASN00086282,"MELBOURNE AIRPORT, AS",20/11/2016,0,79,93,49
ASN00086282,"MELBOURNE AIRPORT, AS",21/11/2016,0,72,94,62
ASN00086282,"MELBOURNE AIRPORT, AS",22/11/2016,8.2,54,57,56
ASN00086282,"MELBOURNE AIRPORT, AS",23/11/2016,8,51,62,51
ASN00086282,"MELBOURNE AIRPORT, AS",24/11/2016,3.2,55,65,45
ASN00086282,"MELBOURNE AIRPORT, AS",25/11/2016,0,56,64,47
ASN00086282,"MELBOURNE AIRPORT, AS",26/11/2016,0,56,66,48
ASN00086282,"MELBOURNE AIRPORT, AS",27/11/2016,0,58,65,51
ASN00086282,"MELBOURNE AIRPORT, AS",28/11/2016,1,59,70,54
ASN00086282,"MELBOURNE AIRPORT, AS",29/11/2016,0,60,72,49
ASN00086282,"MELBOURNE AIRPORT, AS",30/11/2016,0,59,69,50
ASN00086282,"MELBOURNE AIRPORT, AS",01/12/2016,0,62,76,48
ASN00086282,"MELBOURNE AIRPORT, AS",02/12/2016,0,58,73,51
ASN00086282,"MELBOURNE AIRPORT, AS",03/12/2016,0,63,74,44
ASN00086282,"MELBOURNE AIRPORT, AS",04/12/2016,0,74,89,48
ASN00086282,"MELBOURNE AIRPORT, AS",05/12/2016,1,61,72,60
ASN00086282,"MELBOURNE AIRPORT, AS",06/12/2016,0,58,70,53
ASN00086282,"MELBOURNE AIRPORT, AS",07/12/2016,0,72,83,45
ASN00086282,"MELBOURNE AIRPORT, AS",08/12/2016,3.2,58,74,59
ASN00086282,"MELBOURNE AIRPORT, AS",09/12/2016,2.2,56,65,47
ASN00086282,"MELBOURNE AIRPORT, AS",10/12/2016,0,59,67,52
ASN00086282,"MELBOURNE AIRPORT, AS",11/12/2016,1.4,58,70,53
ASN00086282,"MELBOURNE AIRPORT, AS",12/12/2016,0,78,91,46
ASN00086282,"MELBOURNE AIRPORT, AS",13/12/2016,0,76,97,62
ASN00086282,"MELBOURNE AIRPORT, AS",14/12/2016,0,58,68,58
ASN00086282,"MELBOURNE AIRPORT, AS",15/12/2016,0,57,67,48
ASN00086282,"MELBOURNE AIRPORT, AS",16/12/2016,0,65,75,46
ASN00086282,"MELBOURNE AIRPORT, AS",17/12/2016,0,56,71,55
ASN00086282,"MELBOURNE AIRPORT, AS",18/12/2016,0,56,65,44
ASN00086282,"MELBOURNE AIRPORT, AS",19/12/2016,0,73,88,42
ASN00086282,"MELBOURNE AIRPORT, AS",20/12/2016,2.4,62,74,57
ASN00086282,"MELBOURNE AIRPORT, AS",21/12/2016,0,61,69,49
ASN00086282,"MELBOURNE AIRPORT, AS",22/12/2016,0,62,72,57
ASN00086282,"MELBOURNE AIRPORT, AS",23/12/2016,0,73,90,53
ASN00086282,"MELBOURNE AIRPORT, AS",24/12/2016,1.4,76,95,58
ASN00086282,"MELBOURNE AIRPORT, AS",25/12/2016,0,87,98,56
ASN00086282,"MELBOURNE AIRPORT, AS",26/12/2016,0,67,86,78
ASN00086282,"MELBOURNE AIRPORT, AS",27/12/2016,1.6,75,82,62
ASN00086282,"MELBOURNE AIRPORT, AS",28/12/2016,1.4,86,101,66
ASN00086282,"MELBOURNE AIRPORT, AS",29/12/2016,0,75,94,77
ASN00086282,"MELBOURNE AIRPORT, AS",30/12/2016,62.8,70,88,67
ASN00086282,"MELBOURNE AIRPORT, AS",31/12/2016,0,67,77,61
ASN00086282,"MELBOURNE AIRPORT, AS",01/01/2017,0.4,61,71,60
ASN00086282,"MELBOURNE AIRPORT, AS",02/01/2017,2,60,67,55
ASN00086282,"MELBOURNE AIRPORT, AS",03/01/2017,0.6,63,70,56
ASN00086282,"MELBOURNE AIRPORT, AS",04/01/2017,0,75,86,58
ASN00086282,"MELBOURNE AIRPORT, AS",05/01/2017,0,74,93,63
ASN00086282,"MELBOURNE AIRPORT, AS",06/01/2017,0,81,94,61
ASN00086282,"MELBOURNE AIRPORT, AS",07/01/2017,0,87,98,65
ASN00086282,"MELBOURNE AIRPORT, AS",08/01/2017,0,71,94,79
ASN00086282,"MELBOURNE AIRPORT, AS",09/01/2017,0,67,75,63
ASN00086282,"MELBOURNE AIRPORT, AS",10/01/2017,0,69,85,62
ASN00086282,"MELBOURNE AIRPORT, AS",11/01/2017,0,64,80,58
ASN00086282,"MELBOURNE AIRPORT, AS",12/01/2017,0,73,84,52
ASN00086282,"MELBOURNE AIRPORT, AS",13/01/2017,1,66,86,62
ASN00086282,"MELBOURNE AIRPORT, AS",14/01/2017,4,62,76,53
ASN00086282,"MELBOURNE AIRPORT, AS",15/01/2017,0,62,73,52
ASN00086282,"MELBOURNE AIRPORT, AS",16/01/2017,0,79,92,53
ASN00086282,"MELBOURNE AIRPORT, AS",17/01/2017,0,77,101,62
ASN00086282,"MELBOURNE AIRPORT, AS",18/01/2017,0.4,60,70,57
ASN00086282,"MELBOURNE AIRPORT, AS",19/01/2017,0,66,78,48
ASN00086282,"MELBOURNE AIRPORT, AS",20/01/2017,16.6,61,70,59
ASN00086282,"MELBOURNE AIRPORT, AS",21/01/2017,0,62,72,56
ASN00086282,"MELBOURNE AIRPORT, AS",22/01/2017,0,74,86,52
ASN00086282,"MELBOURNE AIRPORT, AS",23/01/2017,0,79,99,62
ASN00086282,"MELBOURNE AIRPORT, AS",24/01/2017,0.6,63,75,63
ASN00086282,"MELBOURNE AIRPORT, AS",25/01/2017,0,64,74,50
ASN00086282,"MELBOURNE AIRPORT, AS",26/01/2017,0,64,71,56
ASN00086282,"MELBOURNE AIRPORT, AS",27/01/2017,0,66,78,61
ASN00086282,"MELBOURNE AIRPORT, AS",28/01/2017,0,69,88,54
ASN00086282,"MELBOURNE AIRPORT, AS",29/01/2017,0,73,84,57
ASN00086282,"MELBOURNE AIRPORT, AS",30/01/2017,0,71,87,62
ASN00086282,"MELBOURNE AIRPORT, AS",31/01/2017,0,63,73,60
ASN00086282,"MELBOURNE AIRPORT, AS",01/02/2017,0,62,70,53
ASN00086282,"MELBOURNE AIRPORT, AS",02/02/2017,0,65,80,50
ASN00086282,"MELBOURNE AIRPORT, AS",03/02/2017,0,66,83,55
ASN00086282,"MELBOURNE AIRPORT, AS",04/02/2017,0,78,98,53
ASN00086282,"MELBOURNE AIRPORT, AS",05/02/2017,0,71,88,63
ASN00086282,"MELBOURNE AIRPORT, AS",06/02/2017,25.6,60,63,57
ASN00086282,"MELBOURNE AIRPORT, AS",07/02/2017,0,69,80,58
ASN00086282,"MELBOURNE AIRPORT, AS",08/02/2017,0,86,96,58
ASN00086282,"MELBOURNE AIRPORT, AS",09/02/2017,0,73,99,73
ASN00086282,"MELBOURNE AIRPORT, AS",10/02/2017,0,71,88,62
ASN00086282,"MELBOURNE AIRPORT, AS",11/02/2017,0,65,81,62
ASN00086282,"MELBOURNE AIRPORT, AS",12/02/2017,1,59,69,56
ASN00086282,"MELBOURNE AIRPORT, AS",13/02/2017,0,61,70,54
ASN00086282,"MELBOURNE AIRPORT, AS",14/02/2017,0.4,57,69,56
ASN00086282,"MELBOURNE AIRPORT, AS",15/02/2017,0,72,89,46
ASN00086282,"MELBOURNE AIRPORT, AS",16/02/2017,0,64,77,62
ASN00086282,"MELBOURNE AIRPORT, AS",17/02/2017,0,65,78,52
ASN00086282,"MELBOURNE AIRPORT, AS",18/02/2017,0,56,67,50
ASN00086282,"MELBOURNE AIRPORT, AS",19/02/2017,0,54,63,47
ASN00086282,"MELBOURNE AIRPORT, AS",20/02/2017,4.8,58,72,49
ASN00086282,"MELBOURNE AIRPORT, AS",21/02/2017,0,64,77,45
ASN00086282,"MELBOURNE AIRPORT, AS",22/02/2017,0,75,93,49
ASN00086282,"MELBOURNE AIRPORT, AS",23/02/2017,0,67,80,54
ASN00086282,"MELBOURNE AIRPORT, AS",24/02/2017,0,61,70,59
ASN00086282,"MELBOURNE AIRPORT, AS",25/02/2017,0.6,61,70,56
ASN00086282,"MELBOURNE AIRPORT, AS",26/02/2017,0,71,86,53
ASN00086282,"MELBOURNE AIRPORT, AS",27/02/2017,0,76,91,56
ASN00086282,"MELBOURNE AIRPORT, AS",28/02/2017,0,77,93,61
ASN00086282,"MELBOURNE AIRPORT, AS",01/03/2017,0,71,92,59
ASN00086282,"MELBOURNE AIRPORT, AS",02/03/2017,0,69,79,53
ASN00086282,"MELBOURNE AIRPORT, AS",03/03/2017,0,69,81,62
ASN00086282,"MELBOURNE AIRPORT, AS",04/03/2017,0,72,85,58
ASN00086282,"MELBOURNE AIRPORT, AS",05/03/2017,0,69,79,64
ASN00086282,"MELBOURNE AIRPORT, AS",06/03/2017,0,66,82,62
ASN00086282,"MELBOURNE AIRPORT, AS",07/03/2017,0,67,82,51
ASN00086282,"MELBOURNE AIRPORT, AS",08/03/2017,0,72,88,53
ASN00086282,"MELBOURNE AIRPORT, AS",09/03/2017,0,74,91,56
ASN00086282,"MELBOURNE AIRPORT, AS",10/03/2017,0,69,80,56
ASN00086282,"MELBOURNE AIRPORT, AS",11/03/2017,0,69,82,60
ASN00086282,"MELBOURNE AIRPORT, AS",12/03/2017,0.6,70,92,61
ASN00086282,"MELBOURNE AIRPORT, AS",13/03/2017,0,69,80,54
ASN00086282,"MELBOURNE AIRPORT, AS",14/03/2017,0,79,91,60
ASN00086282,"MELBOURNE AIRPORT, AS",15/03/2017,0,80,93,67
ASN00086282,"MELBOURNE AIRPORT, AS",16/03/2017,2.8,64,74,68
ASN00086282,"MELBOURNE AIRPORT, AS",17/03/2017,0,60,71,55
ASN00086282,"MELBOURNE AIRPORT, AS",18/03/2017,0,72,87,50
ASN00086282,"MELBOURNE AIRPORT, AS",19/03/2017,0,77,94,59
ASN00086282,"MELBOURNE AIRPORT, AS",20/03/2017,7,71,84,65
ASN00086282,"MELBOURNE AIRPORT, AS",21/03/2017,6.4,69,82,65
ASN00086282,"MELBOURNE AIRPORT, AS",22/03/2017,5,63,70,63
ASN00086282,"MELBOURNE AIRPORT, AS",23/03/2017,0.4,63,77,58
ASN00086282,"MELBOURNE AIRPORT, AS",24/03/2017,0,69,78,52
ASN00086282,"MELBOURNE AIRPORT, AS",25/03/2017,0,71,89,59
ASN00086282,"MELBOURNE AIRPORT, AS",26/03/2017,4.8,72,79,63
ASN00086282,"MELBOURNE AIRPORT, AS",27/03/2017,0,63,89,64
ASN00086282,"MELBOURNE AIRPORT, AS",28/03/2017,2.2,65,76,50
ASN00086282,"MELBOURNE AIRPORT, AS",29/03/2017,0,61,82,54
ASN00086282,"MELBOURNE AIRPORT, AS",30/03/2017,3.2,54,66,46
ASN00086282,"MELBOURNE AIRPORT, AS",31/03/2017,1,55,66,49
ASN00086282,"MELBOURNE AIRPORT, AS",01/04/2017,0,57,66,45
ASN00086282,"MELBOURNE AIRPORT, AS",02/04/2017,0.4,55,65,52
ASN00086282,"MELBOURNE AIRPORT, AS",03/04/2017,0,57,71,42
ASN00086282,"MELBOURNE AIRPORT, AS",04/04/2017,0,62,77,44
ASN00086282,"MELBOURNE AIRPORT, AS",05/04/2017,0,64,79,50
ASN00086282,"MELBOURNE AIRPORT, AS",06/04/2017,0,66,79,53
ASN00086282,"MELBOURNE AIRPORT, AS",07/04/2017,0,69,80,54
ASN00086282,"MELBOURNE AIRPORT, AS",08/04/2017,0,67,84,60
ASN00086282,"MELBOURNE AIRPORT, AS",09/04/2017,7.2,52,59,51
ASN00086282,"MELBOURNE AIRPORT, AS",10/04/2017,40.8,54,57,48
ASN00086282,"MELBOURNE AIRPORT, AS",11/04/2017,2,58,66,51
ASN00086282,"MELBOURNE AIRPORT, AS",12/04/2017,0,57,67,51
ASN00086282,"MELBOURNE AIRPORT, AS",13/04/2017,0.2,61,74,47
ASN00086282,"MELBOURNE AIRPORT, AS",14/04/2017,0,56,64,51
ASN00086282,"MELBOURNE AIRPORT, AS",15/04/2017,0.2,54,62,47
ASN00086282,"MELBOURNE AIRPORT, AS",16/04/2017,0,60,71,46
ASN00086282,"MELBOURNE AIRPORT, AS",17/04/2017,0,57,64,51
ASN00086282,"MELBOURNE AIRPORT, AS",18/04/2017,0,60,71,50
ASN00086282,"MELBOURNE AIRPORT, AS",19/04/2017,0,70,79,50
ASN00086282,"MELBOURNE AIRPORT, AS",20/04/2017,0,68,79,59
ASN00086282,"MELBOURNE AIRPORT, AS",21/04/2017,7.6,62,66,60
ASN00086282,"MELBOURNE AIRPORT, AS",22/04/2017,7.6,63,72,59
ASN00086282,"MELBOURNE AIRPORT, AS",23/04/2017,1.6,63,72,56
ASN00086282,"MELBOURNE AIRPORT, AS",24/04/2017,3.8,65,74,59
ASN00086282,"MELBOURNE AIRPORT, AS",25/04/2017,20.4,57,65,60
ASN00086282,"MELBOURNE AIRPORT, AS",26/04/2017,8.2,48,58,49
ASN00086282,"MELBOURNE AIRPORT, AS",27/04/2017,3,53,58,43
ASN00086282,"MELBOURNE AIRPORT, AS",28/04/2017,0,60,65,49
ASN00086282,"MELBOURNE AIRPORT, AS",29/04/2017,0,58,67,54
ASN00086282,"MELBOURNE AIRPORT, AS",30/04/2017,0.2,57,61,54
ASN00086282,"MELBOURNE AIRPORT, AS",01/05/2017,0,55,66,49
ASN00086282,"MELBOURNE AIRPORT, AS",02/05/2017,2,49,59,44
ASN00086282,"MELBOURNE AIRPORT, AS",03/05/2017,2.6,49,59,43
ASN00086282,"MELBOURNE AIRPORT, AS",04/05/2017,0,50,62,38
ASN00086282,"MELBOURNE AIRPORT, AS",05/05/2017,0,59,67,39
ASN00086282,"MELBOURNE AIRPORT, AS",06/05/2017,0,52,67,49
ASN00086282,"MELBOURNE AIRPORT, AS",07/05/2017,0.2,50,58,44
ASN00086282,"MELBOURNE AIRPORT, AS",08/05/2017,0,53,59,44
ASN00086282,"MELBOURNE AIRPORT, AS",09/05/2017,1.4,52,60,49
ASN00086282,"MELBOURNE AIRPORT, AS",10/05/2017,0,51,63,43
ASN00086282,"MELBOURNE AIRPORT, AS",11/05/2017,0,51,62,40
ASN00086282,"MELBOURNE AIRPORT, AS",12/05/2017,0,55,67,40
ASN00086282,"MELBOURNE AIRPORT, AS",13/05/2017,0,49,59,45
ASN00086282,"MELBOURNE AIRPORT, AS",14/05/2017,0,51,56,39
ASN00086282,"MELBOURNE AIRPORT, AS",15/05/2017,0,49,60,43
ASN00086282,"MELBOURNE AIRPORT, AS",16/05/2017,0.2,56,65,38
ASN00086282,"MELBOURNE AIRPORT, AS",17/05/2017,0.6,55,60,47
ASN00086282,"MELBOURNE AIRPORT, AS",18/05/2017,0,56,67,46
ASN00086282,"MELBOURNE AIRPORT, AS",19/05/2017,0.2,55,63,48
ASN00086282,"MELBOURNE AIRPORT, AS",20/05/2017,4.8,57,65,49
ASN00086282,"MELBOURNE AIRPORT, AS",21/05/2017,0,57,63,49
ASN00086282,"MELBOURNE AIRPORT, AS",22/05/2017,0,60,66,52
ASN00086282,"MELBOURNE AIRPORT, AS",23/05/2017,0,56,64,56
ASN00086282,"MELBOURNE AIRPORT, AS",24/05/2017,0,56,63,46
ASN00086282,"MELBOURNE AIRPORT, AS",25/05/2017,0,57,63,53
ASN00086282,"MELBOURNE AIRPORT, AS",26/05/2017,0,56,63,52
ASN00086282,"MELBOURNE AIRPORT, AS",27/05/2017,0,56,64,50
ASN00086282,"MELBOURNE AIRPORT, AS",28/05/2017,5.8,46,57,48
ASN00086282,"MELBOURNE AIRPORT, AS",29/05/2017,1,52,57,39
ASN00086282,"MELBOURNE AIRPORT, AS",30/05/2017,0.6,46,56,48
ASN00086282,"MELBOURNE AIRPORT, AS",31/05/2017,0,49,55,40
ASN00086282,"MELBOURNE AIRPORT, AS",01/06/2017,0,48,55,44
ASN00086282,"MELBOURNE AIRPORT, AS",02/06/2017,0,51,58,41
ASN00086282,"MELBOURNE AIRPORT, AS",03/06/2017,0,46,58,45
ASN00086282,"MELBOURNE AIRPORT, AS",04/06/2017,0.2,49,59,38
ASN00086282,"MELBOURNE AIRPORT, AS",05/06/2017,0,52,63,41
ASN00086282,"MELBOURNE AIRPORT, AS",06/06/2017,6.8,49,55,45
ASN00086282,"MELBOURNE AIRPORT, AS",07/06/2017,1.8,46,56,41
ASN00086282,"MELBOURNE AIRPORT, AS",08/06/2017,0,49,58,36
ASN00086282,"MELBOURNE AIRPORT, AS",09/06/2017,4.6,49,58,44
ASN00086282,"MELBOURNE AIRPORT, AS",10/06/2017,0,47,58,42
ASN00086282,"MELBOURNE AIRPORT, AS",11/06/2017,0,52,62,38
ASN00086282,"MELBOURNE AIRPORT, AS",12/06/2017,0,53,62,44
ASN00086282,"MELBOURNE AIRPORT, AS",13/06/2017,0,46,57,42
ASN00086282,"MELBOURNE AIRPORT, AS",14/06/2017,0,52,61,36
ASN00086282,"MELBOURNE AIRPORT, AS",15/06/2017,0,52,63,44
ASN00086282,"MELBOURNE AIRPORT, AS",16/06/2017,0,48,62,43
ASN00086282,"MELBOURNE AIRPORT, AS",17/06/2017,0,49,60,39
ASN00086282,"MELBOURNE AIRPORT, AS",18/06/2017,0,51,61,43
ASN00086282,"MELBOURNE AIRPORT, AS",19/06/2017,0,51,60,42
ASN00086282,"MELBOURNE AIRPORT, AS",20/06/2017,0,51,60,41
ASN00086282,"MELBOURNE AIRPORT, AS",21/06/2017,0.2,48,56,46
ASN00086282,"MELBOURNE AIRPORT, AS",22/06/2017,0,49,55,36
ASN00086282,"MELBOURNE AIRPORT, AS",23/06/2017,0,50,56,42
ASN00086282,"MELBOURNE AIRPORT, AS",24/06/2017,1.2,48,55,42
ASN00086282,"MELBOURNE AIRPORT, AS",25/06/2017,0,50,57,42
ASN00086282,"MELBOURNE AIRPORT, AS",26/06/2017,0.4,48,55,42
ASN00086282,"MELBOURNE AIRPORT, AS",27/06/2017,0.4,47,51,42
ASN00086282,"MELBOURNE AIRPORT, AS",28/06/2017,0,50,57,45
ASN00086282,"MELBOURNE AIRPORT, AS",29/06/2017,0,47,54,45
ASN00086282,"MELBOURNE AIRPORT, AS",30/06/2017,0.8,40,53,40
ASN00086282,"MELBOURNE AIRPORT, AS",01/07/2017,0,43,55,31
ASN00086282,"MELBOURNE AIRPORT, AS",02/07/2017,0,46,55,31
ASN00086282,"MELBOURNE AIRPORT, AS",03/07/2017,0,50,55,37
ASN00086282,"MELBOURNE AIRPORT, AS",04/07/2017,4,54,61,46
ASN00086282,"MELBOURNE AIRPORT, AS",05/07/2017,0.2,48,58,48
ASN00086282,"MELBOURNE AIRPORT, AS",06/07/2017,0,49,58,37
ASN00086282,"MELBOURNE AIRPORT, AS",07/07/2017,0,47,55,44
ASN00086282,"MELBOURNE AIRPORT, AS",08/07/2017,0,48,57,39
ASN00086282,"MELBOURNE AIRPORT, AS",09/07/2017,0,48,57,41
ASN00086282,"MELBOURNE AIRPORT, AS",10/07/2017,0,50,61,41
ASN00086282,"MELBOURNE AIRPORT, AS",11/07/2017,1,45,57,39
ASN00086282,"MELBOURNE AIRPORT, AS",12/07/2017,0,48,58,35
ASN00086282,"MELBOURNE AIRPORT, AS",13/07/2017,0,51,55,39
ASN00086282,"MELBOURNE AIRPORT, AS",14/07/2017,0.4,47,59,47
ASN00086282,"MELBOURNE AIRPORT, AS",15/07/2017,0.2,45,54,35
ASN00086282,"MELBOURNE AIRPORT, AS",16/07/2017,0,47,52,37
ASN00086282,"MELBOURNE AIRPORT, AS",17/07/2017,0,50,59,41
ASN00086282,"MELBOURNE AIRPORT, AS",18/07/2017,0.4,50,58,45
ASN00086282,"MELBOURNE AIRPORT, AS",19/07/2017,2.8,47,54,44
ASN00086282,"MELBOURNE AIRPORT, AS",20/07/2017,2.8,43,51,41
ASN00086282,"MELBOURNE AIRPORT, AS",21/07/2017,1.6,47,57,34
ASN00086282,"MELBOURNE AIRPORT, AS",22/07/2017,0,48,54,39
ASN00086282,"MELBOURNE AIRPORT, AS",23/07/2017,0,49,58,43
ASN00086282,"MELBOURNE AIRPORT, AS",24/07/2017,3.8,51,60,40
ASN00086282,"MELBOURNE AIRPORT, AS",25/07/2017,0,54,62,46
ASN00086282,"MELBOURNE AIRPORT, AS",26/07/2017,0,47,59,47
ASN00086282,"MELBOURNE AIRPORT, AS",27/07/2017,0,50,54,38
ASN00086282,"MELBOURNE AIRPORT, AS",28/07/2017,0.6,51,58,42
ASN00086282,"MELBOURNE AIRPORT, AS",29/07/2017,0,55,61,46
ASN00086282,"MELBOURNE AIRPORT, AS",30/07/2017,0,49,63,48
ASN00086282,"MELBOURNE AIRPORT, AS",31/07/2017,0,46,58,37
ASN00086282,"MELBOURNE AIRPORT, AS",01/08/2017,0,45,58,37
ASN00086282,"MELBOURNE AIRPORT, AS",02/08/2017,0,42,54,34
ASN00086282,"MELBOURNE AIRPORT, AS",03/08/2017,0,44,47,34
ASN00086282,"MELBOURNE AIRPORT, AS",04/08/2017,6.6,48,53,38
ASN00086282,"MELBOURNE AIRPORT, AS",05/08/2017,0.2,50,57,45
ASN00086282,"MELBOURNE AIRPORT, AS",06/08/2017,0.2,47,54,45
ASN00086282,"MELBOURNE AIRPORT, AS",07/08/2017,0.6,46,54,43
ASN00086282,"MELBOURNE AIRPORT, AS",08/08/2017,3.4,51,59,41
ASN00086282,"MELBOURNE AIRPORT, AS",09/08/2017,0,54,61,43
ASN00086282,"MELBOURNE AIRPORT, AS",10/08/2017,0,55,65,50
ASN00086282,"MELBOURNE AIRPORT, AS",11/08/2017,0,54,61,45
ASN00086282,"MELBOURNE AIRPORT, AS",12/08/2017,0.6,54,64,48
ASN00086282,"MELBOURNE AIRPORT, AS",13/08/2017,0,57,64,46
ASN00086282,"MELBOURNE AIRPORT, AS",14/08/2017,0,57,68,50
ASN00086282,"MELBOURNE AIRPORT, AS",15/08/2017,0,57,62,47
ASN00086282,"MELBOURNE AIRPORT, AS",16/08/2017,0.2,55,64,49
ASN00086282,"MELBOURNE AIRPORT, AS",17/08/2017,3.6,49,60,45
ASN00086282,"MELBOURNE AIRPORT, AS",18/08/2017,2.8,45,53,41
ASN00086282,"MELBOURNE AIRPORT, AS",19/08/2017,3.2,43,52,39
ASN00086282,"MELBOURNE AIRPORT, AS",20/08/2017,1.8,47,55,35
ASN00086282,"MELBOURNE AIRPORT, AS",21/08/2017,0.4,47,54,43
ASN00086282,"MELBOURNE AIRPORT, AS",22/08/2017,0.8,53,63,40
ASN00086282,"MELBOURNE AIRPORT, AS",23/08/2017,0,49,63,45
ASN00086282,"MELBOURNE AIRPORT, AS",24/08/2017,6,46,56,40
ASN00086282,"MELBOURNE AIRPORT, AS",25/08/2017,0.2,51,57,37
ASN00086282,"MELBOURNE AIRPORT, AS",26/08/2017,0,50,59,47
ASN00086282,"MELBOURNE AIRPORT, AS",27/08/2017,6,42,49,40
ASN00086282,"MELBOURNE AIRPORT, AS",28/08/2017,2,45,53,37
ASN00086282,"MELBOURNE AIRPORT, AS",29/08/2017,0.4,48,55,37
ASN00086282,"MELBOURNE AIRPORT, AS",30/08/2017,0,45,54,39
ASN00086282,"MELBOURNE AIRPORT, AS",31/08/2017,1,46,58,33
ASN00086282,"MELBOURNE AIRPORT, AS",01/09/2017,0,54,62,34
ASN00086282,"MELBOURNE AIRPORT, AS",02/09/2017,0,58,61,49
ASN00086282,"MELBOURNE AIRPORT, AS",03/09/2017,0.2,52,61,51
ASN00086282,"MELBOURNE AIRPORT, AS",04/09/2017,2.6,45,56,43
ASN00086282,"MELBOURNE AIRPORT, AS",05/09/2017,0.6,46,56,40
ASN00086282,"MELBOURNE AIRPORT, AS",06/09/2017,5.6,49,60,40
ASN00086282,"MELBOURNE AIRPORT, AS",07/09/2017,1.8,50,59,40
ASN00086282,"MELBOURNE AIRPORT, AS",08/09/2017,4,47,57,44
ASN00086282,"MELBOURNE AIRPORT, AS",09/09/2017,0.4,49,60,41
ASN00086282,"MELBOURNE AIRPORT, AS",10/09/2017,0,53,61,37
ASN00086282,"MELBOURNE AIRPORT, AS",11/09/2017,0,58,62,45
ASN00086282,"MELBOURNE AIRPORT, AS",12/09/2017,0.6,58,70,51
ASN00086282,"MELBOURNE AIRPORT, AS",13/09/2017,1.6,47,61,49
ASN00086282,"MELBOURNE AIRPORT, AS",14/09/2017,0.8,52,58,39
ASN00086282,"MELBOURNE AIRPORT, AS",15/09/2017,0,53,63,47
ASN00086282,"MELBOURNE AIRPORT, AS",16/09/2017,4.6,45,56,43
ASN00086282,"MELBOURNE AIRPORT, AS",17/09/2017,0.2,55,64,35
ASN00086282,"MELBOURNE AIRPORT, AS",18/09/2017,0,56,71,49
ASN00086282,"MELBOURNE AIRPORT, AS",19/09/2017,0.6,49,58,44
ASN00086282,"MELBOURNE AIRPORT, AS",20/09/2017,0,57,66,40
ASN00086282,"MELBOURNE AIRPORT, AS",21/09/2017,0,60,73,52
ASN00086282,"MELBOURNE AIRPORT, AS",22/09/2017,0,68,77,50
ASN00086282,"MELBOURNE AIRPORT, AS",23/09/2017,0,64,86,57
ASN00086282,"MELBOURNE AIRPORT, AS",24/09/2017,0.4,58,67,49
ASN00086282,"MELBOURNE AIRPORT, AS",25/09/2017,2.8,47,59,49
ASN00086282,"MELBOURNE AIRPORT, AS",26/09/2017,1,53,61,36
ASN00086282,"MELBOURNE AIRPORT, AS",27/09/2017,0,60,76,45
ASN00086282,"MELBOURNE AIRPORT, AS",28/09/2017,0,55,66,44
ASN00086282,"MELBOURNE AIRPORT, AS",29/09/2017,0,56,65,45
ASN00086282,"MELBOURNE AIRPORT, AS",30/09/2017,0.2,52,62,48
ASN00086282,"MELBOURNE AIRPORT, AS",01/10/2017,0.2,53,65,43
ASN00086282,"MELBOURNE AIRPORT, AS",02/10/2017,1.4,51,65,42
ASN00086282,"MELBOURNE AIRPORT, AS",03/10/2017,0,56,74,40
ASN00086282,"MELBOURNE AIRPORT, AS",04/10/2017,0,69,79,42
ASN00086282,"MELBOURNE AIRPORT, AS",05/10/2017,0,55,70,53
ASN00086282,"MELBOURNE AIRPORT, AS",06/10/2017,0,52,61,47
ASN00086282,"MELBOURNE AIRPORT, AS",07/10/2017,0,66,74,40
ASN00086282,"MELBOURNE AIRPORT, AS",08/10/2017,0,65,77,52
ASN00086282,"MELBOURNE AIRPORT, AS",09/10/2017,1,54,68,55
ASN00086282,"MELBOURNE AIRPORT, AS",10/10/2017,0,58,70,40
ASN00086282,"MELBOURNE AIRPORT, AS",11/10/2017,0,59,77,45
ASN00086282,"MELBOURNE AIRPORT, AS",12/10/2017,5.8,57,66,44
ASN00086282,"MELBOURNE AIRPORT, AS",13/10/2017,0,53,64,47
ASN00086282,"MELBOURNE AIRPORT, AS",14/10/2017,0,51,64,42
ASN00086282,"MELBOURNE AIRPORT, AS",15/10/2017,0,57,71,39
ASN00086282,"MELBOURNE AIRPORT, AS",16/10/2017,0,69,83,48
ASN00086282,"MELBOURNE AIRPORT, AS",17/10/2017,0,71,87,54
ASN00086282,"MELBOURNE AIRPORT, AS",18/10/2017,0,76,87,53
ASN00086282,"MELBOURNE AIRPORT, AS",19/10/2017,0,59,78,67
ASN00086282,"MELBOURNE AIRPORT, AS",20/10/2017,3.4,54,62,45
ASN00086282,"MELBOURNE AIRPORT, AS",21/10/2017,0,53,59,50
ASN00086282,"MELBOURNE AIRPORT, AS",22/10/2017,0,56,63,49
ASN00086282,"MELBOURNE AIRPORT, AS",23/10/2017,0,58,71,51
ASN00086282,"MELBOURNE AIRPORT, AS",24/10/2017,0,60,76,49
ASN00086282,"MELBOURNE AIRPORT, AS",25/10/2017,12.6,57,64,55
ASN00086282,"MELBOURNE AIRPORT, AS",26/10/2017,0.2,56,62,52
ASN00086282,"MELBOURNE AIRPORT, AS",27/10/2017,0,70,81,53
ASN00086282,"MELBOURNE AIRPORT, AS",28/10/2017,0,60,71,58
ASN00086282,"MELBOURNE AIRPORT, AS",29/10/2017,0,64,84,48
ASN00086282,"MELBOURNE AIRPORT, AS",30/10/2017,4.8,49,60,44
ASN00086282,"MELBOURNE AIRPORT, AS",31/10/2017,3.8,55,62,41
ASN00086282,"MELBOURNE AIRPORT, AS",01/11/2017,0,55,65,52
ASN00086282,"MELBOURNE AIRPORT, AS",02/11/2017,2.2,52,60,48
ASN00086282,"MELBOURNE AIRPORT, AS",03/11/2017,0.4,49,63,46
ASN00086282,"MELBOURNE AIRPORT, AS",04/11/2017,0,51,62,39
ASN00086282,"MELBOURNE AIRPORT, AS",05/11/2017,0,54,64,38
ASN00086282,"MELBOURNE AIRPORT, AS",06/11/2017,0.6,54,63,45
ASN00086282,"MELBOURNE AIRPORT, AS",07/11/2017,0,54,61,48
ASN00086282,"MELBOURNE AIRPORT, AS",08/11/2017,0,55,66,50
ASN00086282,"MELBOURNE AIRPORT, AS",09/11/2017,0,60,74,45
ASN00086282,"MELBOURNE AIRPORT, AS",10/11/2017,0,66,82,50
ASN00086282,"MELBOURNE AIRPORT, AS",11/11/2017,0,67,82,54
ASN00086282,"MELBOURNE AIRPORT, AS",12/11/2017,0,66,82,55
ASN00086282,"MELBOURNE AIRPORT, AS",13/11/2017,0,78,93,51
ASN00086282,"MELBOURNE AIRPORT, AS",14/11/2017,0,82,94,62
ASN00086282,"MELBOURNE AIRPORT, AS",15/11/2017,0,70,88,72
ASN00086282,"MELBOURNE AIRPORT, AS",16/11/2017,2.8,65,70,62
ASN00086282,"MELBOURNE AIRPORT, AS",17/11/2017,7.8,67,81,58
ASN00086282,"MELBOURNE AIRPORT, AS",18/11/2017,0,68,85,55
ASN00086282,"MELBOURNE AIRPORT, AS",19/11/2017,30.8,71,85,56
ASN00086282,"MELBOURNE AIRPORT, AS",20/11/2017,0,75,89,58
ASN00086282,"MELBOURNE AIRPORT, AS",21/11/2017,0,77,90,58
ASN00086282,"MELBOURNE AIRPORT, AS",22/11/2017,0,74,91,61
ASN00086282,"MELBOURNE AIRPORT, AS",23/11/2017,0,77,93,53
ASN00086282,"MELBOURNE AIRPORT, AS",24/11/2017,0.4,74,89,61
ASN00086282,"MELBOURNE AIRPORT, AS",25/11/2017,1.6,75,92,63
ASN00086282,"MELBOURNE AIRPORT, AS",26/11/2017,3,68,81,65
ASN00086282,"MELBOURNE AIRPORT, AS",27/11/2017,2,61,72,59
ASN00086282,"MELBOURNE AIRPORT, AS",28/11/2017,0,76,87,52
ASN00086282,"MELBOURNE AIRPORT, AS",29/11/2017,0,84,97,64
ASN00086282,"MELBOURNE AIRPORT, AS",30/11/2017,0,78,96,70
ASN00086282,"MELBOURNE AIRPORT, AS",01/12/2017,1.2,62,76,69
ASN00086282,"MELBOURNE AIRPORT, AS",02/12/2017,32.4,55,59,56
ASN00086282,"MELBOURNE AIRPORT, AS",03/12/2017,18.8,55,62,51
ASN00086282,"MELBOURNE AIRPORT, AS",04/12/2017,12,56,62,51
ASN00086282,"MELBOURNE AIRPORT, AS",05/12/2017,3.8,62,72,50
ASN00086282,"MELBOURNE AIRPORT, AS",06/12/2017,0,60,72,53
ASN00086282,"MELBOURNE AIRPORT, AS",07/12/2017,0,60,74,49
ASN00086282,"MELBOURNE AIRPORT, AS",08/12/2017,20.6,59,68,48
ASN00086282,"MELBOURNE AIRPORT, AS",09/12/2017,0,63,76,51
ASN00086282,"MELBOURNE AIRPORT, AS",10/12/2017,0,64,74,53
ASN00086282,"MELBOURNE AIRPORT, AS",11/12/2017,0,63,71,56
ASN00086282,"MELBOURNE AIRPORT, AS",12/12/2017,0,69,82,58
ASN00086282,"MELBOURNE AIRPORT, AS",13/12/2017,0,84,99,55
ASN00086282,"MELBOURNE AIRPORT, AS",14/12/2017,0,64,78,69
ASN00086282,"MELBOURNE AIRPORT, AS",15/12/2017,0,65,79,54
ASN00086282,"MELBOURNE AIRPORT, AS",16/12/2017,0,65,77,52
ASN00086282,"MELBOURNE AIRPORT, AS",17/12/2017,0,68,78,54
ASN00086282,"MELBOURNE AIRPORT, AS",18/12/2017,0,84,93,58
ASN00086282,"MELBOURNE AIRPORT, AS",19/12/2017,0,73,101,68
ASN00086282,"MELBOURNE AIRPORT, AS",20/12/2017,15,61,77,59
ASN00086282,"MELBOURNE AIRPORT, AS",21/12/2017,0.2,65,76,50
ASN00086282,"MELBOURNE AIRPORT, AS",22/12/2017,0,66,84,53
ASN00086282,"MELBOURNE AIRPORT, AS",23/12/2017,0,70,89,54
ASN00086282,"MELBOURNE AIRPORT, AS",24/12/2017,0.8,61,68,56
ASN00086282,"MELBOURNE AIRPORT, AS",25/12/2017,0,61,71,55
ASN00086282,"MELBOURNE AIRPORT, AS",26/12/2017,0,75,86,50
ASN00086282,"MELBOURNE AIRPORT, AS",27/12/2017,0,83,94,62
ASN00086282,"MELBOURNE AIRPORT, AS",28/12/2017,0,71,91,72
ASN00086282,"MELBOURNE AIRPORT, AS",29/12/2017,5.2,65,77,64
ASN00086282,"MELBOURNE AIRPORT, AS",30/12/2017,13.6,61,72,55
ASN00086282,"MELBOURNE AIRPORT, AS",31/12/2017,0.8,66,79,48
ASN00086282,"MELBOURNE AIRPORT, AS",01/01/2018,0,67,79,57
ASN00086282,"MELBOURNE AIRPORT, AS",02/01/2018,0,63,74,60
ASN00086282,"MELBOURNE AIRPORT, AS",03/01/2018,0,63,72,52
ASN00086282,"MELBOURNE AIRPORT, AS",04/01/2018,0,65,78,53
ASN00086282,"MELBOURNE AIRPORT, AS",05/01/2018,0,76,87,54
ASN00086282,"MELBOURNE AIRPORT, AS",06/01/2018,0,79,107,62
ASN00086282,"MELBOURNE AIRPORT, AS",07/01/2018,0,65,72,60
ASN00086282,"MELBOURNE AIRPORT, AS",08/01/2018,0,66,74,61
ASN00086282,"MELBOURNE AIRPORT, AS",09/01/2018,0,63,73,57
ASN00086282,"MELBOURNE AIRPORT, AS",10/01/2018,0,67,78,54
ASN00086282,"MELBOURNE AIRPORT, AS",11/01/2018,0,85,95,56
ASN00086282,"MELBOURNE AIRPORT, AS",12/01/2018,0,67,87,71
ASN00086282,"MELBOURNE AIRPORT, AS",13/01/2018,3.8,57,72,56
ASN00086282,"MELBOURNE AIRPORT, AS",14/01/2018,15.2,61,68,51
ASN00086282,"MELBOURNE AIRPORT, AS",15/01/2018,0,62,71,54
ASN00086282,"MELBOURNE AIRPORT, AS",16/01/2018,0,65,79,52
ASN00086282,"MELBOURNE AIRPORT, AS",17/01/2018,0,74,90,51
ASN00086282,"MELBOURNE AIRPORT, AS",18/01/2018,0,90,104,58
ASN00086282,"MELBOURNE AIRPORT, AS",19/01/2018,0,81,108,70
ASN00086282,"MELBOURNE AIRPORT, AS",20/01/2018,0,73,81,63
ASN00086282,"MELBOURNE AIRPORT, AS",21/01/2018,0.4,75,86,67
ASN00086282,"MELBOURNE AIRPORT, AS",22/01/2018,0,69,82,65
ASN00086282,"MELBOURNE AIRPORT, AS",23/01/2018,0,66,78,62
ASN00086282,"MELBOURNE AIRPORT, AS",24/01/2018,0,68,78,55
ASN00086282,"MELBOURNE AIRPORT, AS",25/01/2018,0,73,86,61
ASN00086282,"MELBOURNE AIRPORT, AS",26/01/2018,3.4,73,88,65
ASN00086282,"MELBOURNE AIRPORT, AS",27/01/2018,3.8,81,93,68
ASN00086282,"MELBOURNE AIRPORT, AS",28/01/2018,0,90,102,70
ASN00086282,"MELBOURNE AIRPORT, AS",29/01/2018,0,70,94,80
ASN00086282,"MELBOURNE AIRPORT, AS",30/01/2018,43.6,60,68,58
ASN00086282,"MELBOURNE AIRPORT, AS",31/01/2018,0,58,66,53
ASN00086282,"MELBOURNE AIRPORT, AS",01/02/2018,0,63,73,47
ASN00086282,"MELBOURNE AIRPORT, AS",02/02/2018,0,65,74,55
ASN00086282,"MELBOURNE AIRPORT, AS",03/02/2018,0,69,82,55
ASN00086282,"MELBOURNE AIRPORT, AS",04/02/2018,0,69,82,56
ASN00086282,"MELBOURNE AIRPORT, AS",05/02/2018,0,69,83,60
ASN00086282,"MELBOURNE AIRPORT, AS",06/02/2018,0,74,87,60
ASN00086282,"MELBOURNE AIRPORT, AS",07/02/2018,0,83,99,61
ASN00086282,"MELBOURNE AIRPORT, AS",08/02/2018,0,73,86,67
ASN00086282,"MELBOURNE AIRPORT, AS",09/02/2018,0,71,81,66
ASN00086282,"MELBOURNE AIRPORT, AS",10/02/2018,0,70,88,63
ASN00086282,"MELBOURNE AIRPORT, AS",11/02/2018,0.8,63,72,54
ASN00086282,"MELBOURNE AIRPORT, AS",12/02/2018,0,64,75,58
ASN00086282,"MELBOURNE AIRPORT, AS",13/02/2018,0,75,86,52
ASN00086282,"MELBOURNE AIRPORT, AS",14/02/2018,0,62,75,62
ASN00086282,"MELBOURNE AIRPORT, AS",15/02/2018,0,66,76,49
ASN00086282,"MELBOURNE AIRPORT, AS",16/02/2018,0,62,75,55
ASN00086282,"MELBOURNE AIRPORT, AS",17/02/2018,0,65,81,49
ASN00086282,"MELBOURNE AIRPORT, AS",18/02/2018,0,67,80,52
ASN00086282,"MELBOURNE AIRPORT, AS",19/02/2018,0.4,65,80,62
ASN00086282,"MELBOURNE AIRPORT, AS",20/02/2018,0,70,85,53
ASN00086282,"MELBOURNE AIRPORT, AS",21/02/2018,0,74,85,57
ASN00086282,"MELBOURNE AIRPORT, AS",22/02/2018,0,75,84,65
ASN00086282,"MELBOURNE AIRPORT, AS",23/02/2018,0.6,83,94,67
ASN00086282,"MELBOURNE AIRPORT, AS",24/02/2018,0.4,68,93,72
ASN00086282,"MELBOURNE AIRPORT, AS",25/02/2018,0,60,67,59
ASN00086282,"MELBOURNE AIRPORT, AS",26/02/2018,0,67,80,51
ASN00086282,"MELBOURNE AIRPORT, AS",27/02/2018,0,77,89,54
ASN00086282,"MELBOURNE AIRPORT, AS",28/02/2018,0,69,90,64
ASN00086282,"MELBOURNE AIRPORT, AS",01/03/2018,0.4,63,71,58
ASN00086282,"MELBOURNE AIRPORT, AS",02/03/2018,0.2,65,76,57
ASN00086282,"MELBOURNE AIRPORT, AS",03/03/2018,0,70,94,53
ASN00086282,"MELBOURNE AIRPORT, AS",04/03/2018,0,62,72,53
ASN00086282,"MELBOURNE AIRPORT, AS",05/03/2018,0,61,71,55
ASN00086282,"MELBOURNE AIRPORT, AS",06/03/2018,0,65,80,50
ASN00086282,"MELBOURNE AIRPORT, AS",07/03/2018,0,71,86,52
ASN00086282,"MELBOURNE AIRPORT, AS",08/03/2018,0,71,89,56
ASN00086282,"MELBOURNE AIRPORT, AS",09/03/2018,0,71,89,53
ASN00086282,"MELBOURNE AIRPORT, AS",10/03/2018,0,80,97,54
ASN00086282,"MELBOURNE AIRPORT, AS",11/03/2018,0,64,79,63
ASN00086282,"MELBOURNE AIRPORT, AS",12/03/2018,0,62,71,58
ASN00086282,"MELBOURNE AIRPORT, AS",13/03/2018,0.4,62,72,56
ASN00086282,"MELBOURNE AIRPORT, AS",14/03/2018,0,62,73,54
ASN00086282,"MELBOURNE AIRPORT, AS",15/03/2018,0,60,72,55
ASN00086282,"MELBOURNE AIRPORT, AS",16/03/2018,0,70,81,51
ASN00086282,"MELBOURNE AIRPORT, AS",17/03/2018,0,82,89,58
ASN00086282,"MELBOURNE AIRPORT, AS",18/03/2018,0,62,76,72
ASN00086282,"MELBOURNE AIRPORT, AS",19/03/2018,0,67,82,50
ASN00086282,"MELBOURNE AIRPORT, AS",20/03/2018,0,57,65,58
ASN00086282,"MELBOURNE AIRPORT, AS",21/03/2018,0,62,79,47
ASN00086282,"MELBOURNE AIRPORT, AS",22/03/2018,0,70,82,49
ASN00086282,"MELBOURNE AIRPORT, AS",23/03/2018,0,75,85,58
ASN00086282,"MELBOURNE AIRPORT, AS",24/03/2018,0,68,75,67
ASN00086282,"MELBOURNE AIRPORT, AS",25/03/2018,25.6,61,78,63
ASN00086282,"MELBOURNE AIRPORT, AS",26/03/2018,3.4,55,67,48
ASN00086282,"MELBOURNE AIRPORT, AS",27/03/2018,0,66,72,45
ASN00086282,"MELBOURNE AIRPORT, AS",28/03/2018,0,68,87,51
ASN00086282,"MELBOURNE AIRPORT, AS",29/03/2018,0,61,73,59
ASN00086282,"MELBOURNE AIRPORT, AS",30/03/2018,0,62,76,51
ASN00086282,"MELBOURNE AIRPORT, AS",31/03/2018,0,61,75,51
ASN00086282,"MELBOURNE AIRPORT, AS",01/04/2018,0,67,83,52
ASN00086282,"MELBOURNE AIRPORT, AS",02/04/2018,0,61,71,56
ASN00086282,"MELBOURNE AIRPORT, AS",03/04/2018,0,60,69,51
ASN00086282,"MELBOURNE AIRPORT, AS",04/04/2018,0,61,74,54
ASN00086282,"MELBOURNE AIRPORT, AS",05/04/2018,0,60,69,53
ASN00086282,"MELBOURNE AIRPORT, AS",06/04/2018,0,57,70,54
ASN00086282,"MELBOURNE AIRPORT, AS",07/04/2018,0,62,73,47
ASN00086282,"MELBOURNE AIRPORT, AS",08/04/2018,0,71,88,53
ASN00086282,"MELBOURNE AIRPORT, AS",09/04/2018,0,67,79,54
ASN00086282,"MELBOURNE AIRPORT, AS",10/04/2018,0,73,82,56
ASN00086282,"MELBOURNE AIRPORT, AS",11/04/2018,0.2,71,87,61
ASN00086282,"MELBOURNE AIRPORT, AS",12/04/2018,0,64,83,57
ASN00086282,"MELBOURNE AIRPORT, AS",13/04/2018,0,66,78,50
ASN00086282,"MELBOURNE AIRPORT, AS",14/04/2018,0,55,60,50
ASN00086282,"MELBOURNE AIRPORT, AS",15/04/2018,5.8,62,67,47
ASN00086282,"MELBOURNE AIRPORT, AS",16/04/2018,0.4,59,72,57
ASN00086282,"MELBOURNE AIRPORT, AS",17/04/2018,0,50,61,51
ASN00086282,"MELBOURNE AIRPORT, AS",18/04/2018,0,58,75,38
ASN00086282,"MELBOURNE AIRPORT, AS",19/04/2018,0,57,75,48
ASN00086282,"MELBOURNE AIRPORT, AS",20/04/2018,0,58,72,43
ASN00086282,"MELBOURNE AIRPORT, AS",21/04/2018,0,58,77,48
ASN00086282,"MELBOURNE AIRPORT, AS",22/04/2018,0,58,74,45
ASN00086282,"MELBOURNE AIRPORT, AS",23/04/2018,0,71,84,45
ASN00086282,"MELBOURNE AIRPORT, AS",24/04/2018,0,65,76,53
ASN00086282,"MELBOURNE AIRPORT, AS",25/04/2018,0.6,59,71,59
ASN00086282,"MELBOURNE AIRPORT, AS",26/04/2018,0,55,65,48
ASN00086282,"MELBOURNE AIRPORT, AS",27/04/2018,0,54,63,47
ASN00086282,"MELBOURNE AIRPORT, AS",28/04/2018,0,57,65,45
ASN00086282,"MELBOURNE AIRPORT, AS",29/04/2018,0,54,65,51
ASN00086282,"MELBOURNE AIRPORT, AS",30/04/2018,0,55,70,45
ASN00086282,"MELBOURNE AIRPORT, AS",01/05/2018,0,64,75,41
ASN00086282,"MELBOURNE AIRPORT, AS",02/05/2018,0,65,73,54
ASN00086282,"MELBOURNE AIRPORT, AS",03/05/2018,0,63,76,58
ASN00086282,"MELBOURNE AIRPORT, AS",04/05/2018,3.4,54,62,50
ASN00086282,"MELBOURNE AIRPORT, AS",05/05/2018,0.4,58,69,48
ASN00086282,"MELBOURNE AIRPORT, AS",06/05/2018,0,59,70,48
ASN00086282,"MELBOURNE AIRPORT, AS",07/05/2018,0,60,66,50
ASN00086282,"MELBOURNE AIRPORT, AS",08/05/2018,0.4,53,66,52
ASN00086282,"MELBOURNE AIRPORT, AS",09/05/2018,0,55,65,45
ASN00086282,"MELBOURNE AIRPORT, AS",10/05/2018,9.4,47,56,44
ASN00086282,"MELBOURNE AIRPORT, AS",11/05/2018,15.2,54,56,43
ASN00086282,"MELBOURNE AIRPORT, AS",12/05/2018,16.8,55,61,50
ASN00086282,"MELBOURNE AIRPORT, AS",13/05/2018,5,52,61,51
ASN00086282,"MELBOURNE AIRPORT, AS",14/05/2018,0,52,60,43
ASN00086282,"MELBOURNE AIRPORT, AS",15/05/2018,0,50,57,44
ASN00086282,"MELBOURNE AIRPORT, AS",16/05/2018,1.6,51,57,44
ASN00086282,"MELBOURNE AIRPORT, AS",17/05/2018,0,55,57,48
ASN00086282,"MELBOURNE AIRPORT, AS",18/05/2018,0.6,53,63,51
ASN00086282,"MELBOURNE AIRPORT, AS",19/05/2018,0,54,58,46
ASN00086282,"MELBOURNE AIRPORT, AS",20/05/2018,0,56,61,49
ASN00086282,"MELBOURNE AIRPORT, AS",21/05/2018,1,56,60,49
ASN00086282,"MELBOURNE AIRPORT, AS",22/05/2018,1,55,61,53
ASN00086282,"MELBOURNE AIRPORT, AS",23/05/2018,0.2,55,57,49
ASN00086282,"MELBOURNE AIRPORT, AS",24/05/2018,0.2,54,60,52
ASN00086282,"MELBOURNE AIRPORT, AS",25/05/2018,0,48,61,50
ASN00086282,"MELBOURNE AIRPORT, AS",26/05/2018,0,56,68,37
ASN00086282,"MELBOURNE AIRPORT, AS",27/05/2018,0,60,68,46
ASN00086282,"MELBOURNE AIRPORT, AS",28/05/2018,0,60,69,56
ASN00086282,"MELBOURNE AIRPORT, AS",29/05/2018,2,51,62,53
ASN00086282,"MELBOURNE AIRPORT, AS",30/05/2018,0,52,59,41
ASN00086282,"MELBOURNE AIRPORT, AS",31/05/2018,2.8,46,57,46
ASN00086282,"MELBOURNE AIRPORT, AS",01/06/2018,0,45,57,35
ASN00086282,"MELBOURNE AIRPORT, AS",02/06/2018,0,47,57,36
ASN00086282,"MELBOURNE AIRPORT, AS",03/06/2018,0.2,48,57,38
ASN00086282,"MELBOURNE AIRPORT, AS",04/06/2018,0,51,59,41
ASN00086282,"MELBOURNE AIRPORT, AS",05/06/2018,1.8,48,59,47
ASN00086282,"MELBOURNE AIRPORT, AS",06/06/2018,0,55,66,38
ASN00086282,"MELBOURNE AIRPORT, AS",07/06/2018,0,58,63,44
ASN00086282,"MELBOURNE AIRPORT, AS",08/06/2018,0,53,55,53
ASN00086282,"MELBOURNE AIRPORT, AS",09/06/2018,1.8,48,61,47
ASN00086282,"MELBOURNE AIRPORT, AS",10/06/2018,0.2,49,60,37
ASN00086282,"MELBOURNE AIRPORT, AS",11/06/2018,0.2,55,61,40
ASN00086282,"MELBOURNE AIRPORT, AS",12/06/2018,1.8,52,60,49
ASN00086282,"MELBOURNE AIRPORT, AS",13/06/2018,0.2,49,56,43
ASN00086282,"MELBOURNE AIRPORT, AS",14/06/2018,4.8,52,57,43
ASN00086282,"MELBOURNE AIRPORT, AS",15/06/2018,0.4,48,57,48
ASN00086282,"MELBOURNE AIRPORT, AS",16/06/2018,0.8,48,55,40
ASN00086282,"MELBOURNE AIRPORT, AS",17/06/2018,19.8,49,53,43
ASN00086282,"MELBOURNE AIRPORT, AS",18/06/2018,36.6,43,51,45
ASN00086282,"MELBOURNE AIRPORT, AS",19/06/2018,2,45,55,35
ASN00086282,"MELBOURNE AIRPORT, AS",20/06/2018,0,46,58,36
ASN00086282,"MELBOURNE AIRPORT, AS",21/06/2018,0,46,59,37
ASN00086282,"MELBOURNE AIRPORT, AS",22/06/2018,0,48,59,37
ASN00086282,"MELBOURNE AIRPORT, AS",23/06/2018,0,49,55,41
ASN00086282,"MELBOURNE AIRPORT, AS",24/06/2018,0.2,48,54,44
ASN00086282,"MELBOURNE AIRPORT, AS",25/06/2018,0,49,54,42
ASN00086282,"MELBOURNE AIRPORT, AS",26/06/2018,0,46,57,45
ASN00086282,"MELBOURNE AIRPORT, AS",27/06/2018,0,44,55,36
ASN00086282,"MELBOURNE AIRPORT, AS",28/06/2018,0,47,49,37
ASN00086282,"MELBOURNE AIRPORT, AS",29/06/2018,0.2,50,54,40
ASN00086282,"MELBOURNE AIRPORT, AS",30/06/2018,0.4,46,57,46
ASN00086282,"MELBOURNE AIRPORT, AS",01/07/2018,0.6,45,58,37
ASN00086282,"MELBOURNE AIRPORT, AS",02/07/2018,0,48,57,35
ASN00086282,"MELBOURNE AIRPORT, AS",03/07/2018,0,51,57,42
ASN00086282,"MELBOURNE AIRPORT, AS",04/07/2018,0,55,60,48
ASN00086282,"MELBOURNE AIRPORT, AS",05/07/2018,0,58,64,49
ASN00086282,"MELBOURNE AIRPORT, AS",06/07/2018,0,51,58,47
ASN00086282,"MELBOURNE AIRPORT, AS",07/07/2018,1.4,50,54,46
ASN00086282,"MELBOURNE AIRPORT, AS",08/07/2018,0.6,51,57,45
ASN00086282,"MELBOURNE AIRPORT, AS",09/07/2018,0.2,49,57,46
ASN00086282,"MELBOURNE AIRPORT, AS",10/07/2018,0,47,52,43
ASN00086282,"MELBOURNE AIRPORT, AS",11/07/2018,0,44,50,41
ASN00086282,"MELBOURNE AIRPORT, AS",12/07/2018,0.2,46,53,35
ASN00086282,"MELBOURNE AIRPORT, AS",13/07/2018,0,45,56,41
ASN00086282,"MELBOURNE AIRPORT, AS",14/07/2018,0,48,58,36
ASN00086282,"MELBOURNE AIRPORT, AS",15/07/2018,0,47,55,38
ASN00086282,"MELBOURNE AIRPORT, AS",16/07/2018,0,48,55,43
ASN00086282,"MELBOURNE AIRPORT, AS",17/07/2018,0,48,61,43
ASN00086282,"MELBOURNE AIRPORT, AS",18/07/2018,1.4,50,58,40
ASN00086282,"MELBOURNE AIRPORT, AS",19/07/2018,0,49,65,44
ASN00086282,"MELBOURNE AIRPORT, AS",20/07/2018,2.2,46,53,40
ASN00086282,"MELBOURNE AIRPORT, AS",21/07/2018,0.4,48,56,39
ASN00086282,"MELBOURNE AIRPORT, AS",22/07/2018,0,48,56,42
ASN00086282,"MELBOURNE AIRPORT, AS",23/07/2018,1,49,55,42
ASN00086282,"MELBOURNE AIRPORT, AS",24/07/2018,0.4,50,61,44
ASN00086282,"MELBOURNE AIRPORT, AS",25/07/2018,3.8,50,59,42
ASN00086282,"MELBOURNE AIRPORT, AS",26/07/2018,0.6,50,57,42
ASN00086282,"MELBOURNE AIRPORT, AS",27/07/2018,0,54,66,45
ASN00086282,"MELBOURNE AIRPORT, AS",28/07/2018,0,56,64,47
ASN00086282,"MELBOURNE AIRPORT, AS",29/07/2018,1.4,48,57,49
ASN00086282,"MELBOURNE AIRPORT, AS",30/07/2018,2,49,54,44
ASN00086282,"MELBOURNE AIRPORT, AS",31/07/2018,0,51,59,42
ASN00086282,"MELBOURNE AIRPORT, AS",01/08/2018,3.6,49,59,44
ASN00086282,"MELBOURNE AIRPORT, AS",02/08/2018,0,53,59,38
ASN00086282,"MELBOURNE AIRPORT, AS",03/08/2018,0,50,63,46
ASN00086282,"MELBOURNE AIRPORT, AS",04/08/2018,2.4,52,58,41
ASN00086282,"MELBOURNE AIRPORT, AS",05/08/2018,0,54,62,47
ASN00086282,"MELBOURNE AIRPORT, AS",06/08/2018,0,47,57,45
ASN00086282,"MELBOURNE AIRPORT, AS",07/08/2018,0,52,58,42
ASN00086282,"MELBOURNE AIRPORT, AS",08/08/2018,0.8,47,62,48
ASN00086282,"MELBOURNE AIRPORT, AS",09/08/2018,0.8,51,56,37
ASN00086282,"MELBOURNE AIRPORT, AS",10/08/2018,0,56,67,47
ASN00086282,"MELBOURNE AIRPORT, AS",11/08/2018,3.8,46,57,45
ASN00086282,"MELBOURNE AIRPORT, AS",12/08/2018,0.4,52,58,38
ASN00086282,"MELBOURNE AIRPORT, AS",13/08/2018,0,51,60,47
ASN00086282,"MELBOURNE AIRPORT, AS",14/08/2018,0,56,62,44
ASN00086282,"MELBOURNE AIRPORT, AS",15/08/2018,0,52,65,51
ASN00086282,"MELBOURNE AIRPORT, AS",16/08/2018,0,49,58,40
ASN00086282,"MELBOURNE AIRPORT, AS",17/08/2018,0,52,59,41
ASN00086282,"MELBOURNE AIRPORT, AS",18/08/2018,0.4,46,57,44
ASN00086282,"MELBOURNE AIRPORT, AS",19/08/2018,4.4,44,54,42
ASN00086282,"MELBOURNE AIRPORT, AS",20/08/2018,1.4,48,53,39
ASN00086282,"MELBOURNE AIRPORT, AS",21/08/2018,0.8,48,53,41
ASN00086282,"MELBOURNE AIRPORT, AS",22/08/2018,0.4,48,57,42
ASN00086282,"MELBOURNE AIRPORT, AS",23/08/2018,0,49,62,39
ASN00086282,"MELBOURNE AIRPORT, AS",24/08/2018,0,48,62,36
ASN00086282,"MELBOURNE AIRPORT, AS",25/08/2018,0,48,63,36
ASN00086282,"MELBOURNE AIRPORT, AS",26/08/2018,0,48,58,36
ASN00086282,"MELBOURNE AIRPORT, AS",27/08/2018,1.8,43,55,37
ASN00086282,"MELBOURNE AIRPORT, AS",28/08/2018,0,40,53,31
ASN00086282,"MELBOURNE AIRPORT, AS",29/08/2018,0,47,57,28
ASN00086282,"MELBOURNE AIRPORT, AS",30/08/2018,0,52,58,36
ASN00086282,"MELBOURNE AIRPORT, AS",31/08/2018,0.6,52,61,45
ASN00086282,"MELBOURNE AIRPORT, AS",01/09/2018,0.6,46,59,46
ASN00086282,"MELBOURNE AIRPORT, AS",02/09/2018,3.4,45,55,38
ASN00086282,"MELBOURNE AIRPORT, AS",03/09/2018,0.2,45,57,37
ASN00086282,"MELBOURNE AIRPORT, AS",04/09/2018,0,53,66,35
ASN00086282,"MELBOURNE AIRPORT, AS",05/09/2018,0,58,67,42
ASN00086282,"MELBOURNE AIRPORT, AS",06/09/2018,0,54,67,48
ASN00086282,"MELBOURNE AIRPORT, AS",07/09/2018,4.4,47,58,42
ASN00086282,"MELBOURNE AIRPORT, AS",08/09/2018,0,54,63,38
ASN00086282,"MELBOURNE AIRPORT, AS",09/09/2018,0,57,65,47
ASN00086282,"MELBOURNE AIRPORT, AS",10/09/2018,0,57,64,49
ASN00086282,"MELBOURNE AIRPORT, AS",11/09/2018,0,63,75,49
ASN00086282,"MELBOURNE AIRPORT, AS",12/09/2018,0,53,65,45
ASN00086282,"MELBOURNE AIRPORT, AS",13/09/2018,0,56,67,42
ASN00086282,"MELBOURNE AIRPORT, AS",14/09/2018,0,63,73,44
ASN00086282,"MELBOURNE AIRPORT, AS",15/09/2018,0.2,44,56,50
ASN00086282,"MELBOURNE AIRPORT, AS",16/09/2018,1.8,48,57,37
ASN00086282,"MELBOURNE AIRPORT, AS",17/09/2018,0,54,65,40
ASN00086282,"MELBOURNE AIRPORT, AS",18/09/2018,0,52,71,47
ASN00086282,"MELBOURNE AIRPORT, AS",19/09/2018,0.6,47,60,41
ASN00086282,"MELBOURNE AIRPORT, AS",20/09/2018,3.2,51,64,36
ASN00086282,"MELBOURNE AIRPORT, AS",21/09/2018,0,53,66,43
ASN00086282,"MELBOURNE AIRPORT, AS",22/09/2018,0,56,68,41
ASN00086282,"MELBOURNE AIRPORT, AS",23/09/2018,1.2,48,55,48
ASN00086282,"MELBOURNE AIRPORT, AS",24/09/2018,0,51,60,38
ASN00086282,"MELBOURNE AIRPORT, AS",25/09/2018,0,46,58,44
ASN00086282,"MELBOURNE AIRPORT, AS",26/09/2018,0,55,66,37
ASN00086282,"MELBOURNE AIRPORT, AS",27/09/2018,0,58,76,44
ASN00086282,"MELBOURNE AIRPORT, AS",28/09/2018,0,47,59,44
ASN00086282,"MELBOURNE AIRPORT, AS",29/09/2018,0.8,49,58,38
ASN00086282,"MELBOURNE AIRPORT, AS",30/09/2018,0,49,62,40
ASN00086282,"MELBOURNE AIRPORT, AS",01/10/2018,0,60,74,37
ASN00086282,"MELBOURNE AIRPORT, AS",02/10/2018,0,69,79,51
ASN00086282,"MELBOURNE AIRPORT, AS",03/10/2018,0,55,66,59
ASN00086282,"MELBOURNE AIRPORT, AS",04/10/2018,0,52,62,50
ASN00086282,"MELBOURNE AIRPORT, AS",05/10/2018,0,55,67,41
ASN00086282,"MELBOURNE AIRPORT, AS",06/10/2018,0,59,76,43
ASN00086282,"MELBOURNE AIRPORT, AS",07/10/2018,0,64,78,44
ASN00086282,"MELBOURNE AIRPORT, AS",08/10/2018,0,67,81,51
ASN00086282,"MELBOURNE AIRPORT, AS",09/10/2018,0.2,54,62,56
ASN00086282,"MELBOURNE AIRPORT, AS",10/10/2018,8.4,50,61,47
ASN00086282,"MELBOURNE AIRPORT, AS",11/10/2018,0,54,67,38
ASN00086282,"MELBOURNE AIRPORT, AS",12/10/2018,0,59,73,42
ASN00086282,"MELBOURNE AIRPORT, AS",13/10/2018,0,64,76,44
ASN00086282,"MELBOURNE AIRPORT, AS",14/10/2018,0,71,81,50
ASN00086282,"MELBOURNE AIRPORT, AS",15/10/2018,0,74,81,61
ASN00086282,"MELBOURNE AIRPORT, AS",16/10/2018,0,63,74,65
ASN00086282,"MELBOURNE AIRPORT, AS",17/10/2018,7.6,63,73,58
ASN00086282,"MELBOURNE AIRPORT, AS",18/10/2018,2.2,61,70,56
ASN00086282,"MELBOURNE AIRPORT, AS",19/10/2018,0,69,82,50
ASN00086282,"MELBOURNE AIRPORT, AS",20/10/2018,5.8,51,62,50
ASN00086282,"MELBOURNE AIRPORT, AS",21/10/2018,14.2,57,66,44
ASN00086282,"MELBOURNE AIRPORT, AS",22/10/2018,0,65,81,46
ASN00086282,"MELBOURNE AIRPORT, AS",23/10/2018,0,53,68,48
ASN00086282,"MELBOURNE AIRPORT, AS",24/10/2018,0,51,62,40
ASN00086282,"MELBOURNE AIRPORT, AS",25/10/2018,0,55,72,41
ASN00086282,"MELBOURNE AIRPORT, AS",26/10/2018,0,55,66,43
ASN00086282,"MELBOURNE AIRPORT, AS",27/10/2018,0,55,70,45
ASN00086282,"MELBOURNE AIRPORT, AS",28/10/2018,0,54,63,47
ASN00086282,"MELBOURNE AIRPORT, AS",29/10/2018,0,55,65,48
ASN00086282,"MELBOURNE AIRPORT, AS",30/10/2018,0,64,80,43
ASN00086282,"MELBOURNE AIRPORT, AS",31/10/2018,0,60,70,54
ASN00086282,"MELBOURNE AIRPORT, AS",01/11/2018,0,81,94,51
ASN00086282,"MELBOURNE AIRPORT, AS",02/11/2018,0.8,68,91,58
ASN00086282,"MELBOURNE AIRPORT, AS",03/11/2018,0,58,72,51
ASN00086282,"MELBOURNE AIRPORT, AS",04/11/2018,0,64,77,44
ASN00086282,"MELBOURNE AIRPORT, AS",05/11/2018,3.4,69,83,56
ASN00086282,"MELBOURNE AIRPORT, AS",06/11/2018,7.6,58,71,59
ASN00086282,"MELBOURNE AIRPORT, AS",07/11/2018,41.6,51,63,45
ASN00086282,"MELBOURNE AIRPORT, AS",08/11/2018,0.8,54,65,42
ASN00086282,"MELBOURNE AIRPORT, AS",09/11/2018,0,56,68,44
ASN00086282,"MELBOURNE AIRPORT, AS",10/11/2018,1,58,70,45
ASN00086282,"MELBOURNE AIRPORT, AS",11/11/2018,0,59,70,44
ASN00086282,"MELBOURNE AIRPORT, AS",12/11/2018,0,76,87,47
ASN00086282,"MELBOURNE AIRPORT, AS",13/11/2018,0,70,86,67
ASN00086282,"MELBOURNE AIRPORT, AS",14/11/2018,4,57,62,58
ASN00086282,"MELBOURNE AIRPORT, AS",15/11/2018,0.4,54,65,50
ASN00086282,"MELBOURNE AIRPORT, AS",16/11/2018,0,56,68,43
ASN00086282,"MELBOURNE AIRPORT, AS",17/11/2018,0,57,66,44
ASN00086282,"MELBOURNE AIRPORT, AS",18/11/2018,0,69,81,46
ASN00086282,"MELBOURNE AIRPORT, AS",19/11/2018,0,78,88,54
ASN00086282,"MELBOURNE AIRPORT, AS",20/11/2018,0,64,81,69
ASN00086282,"MELBOURNE AIRPORT, AS",21/11/2018,22.6,57,73,48
ASN00086282,"MELBOURNE AIRPORT, AS",22/11/2018,5.4,53,61,47
ASN00086282,"MELBOURNE AIRPORT, AS",23/11/2018,3.4,54,57,50
ASN00086282,"MELBOURNE AIRPORT, AS",24/11/2018,4,56,63,52
ASN00086282,"MELBOURNE AIRPORT, AS",25/11/2018,0,58,67,51
ASN00086282,"MELBOURNE AIRPORT, AS",26/11/2018,0,60,68,51
ASN00086282,"MELBOURNE AIRPORT, AS",27/11/2018,0,62,70,56
ASN00086282,"MELBOURNE AIRPORT, AS",28/11/2018,0,60,70,58
ASN00086282,"MELBOURNE AIRPORT, AS",29/11/2018,3.6,61,68,55
ASN00086282,"MELBOURNE AIRPORT, AS",30/11/2018,0,60,71,56
ASN00086282,"MELBOURNE AIRPORT, AS",01/12/2018,0,72,88,47
ASN00086282,"MELBOURNE AIRPORT, AS",02/12/2018,7.8,58,68,54
ASN00086282,"MELBOURNE AIRPORT, AS",03/12/2018,0.2,62,74,52
ASN00086282,"MELBOURNE AIRPORT, AS",04/12/2018,0,61,69,53
ASN00086282,"MELBOURNE AIRPORT, AS",05/12/2018,0,66,77,53
ASN00086282,"MELBOURNE AIRPORT, AS",06/12/2018,0,85,95,54
ASN00086282,"MELBOURNE AIRPORT, AS",07/12/2018,0,85,101,76
ASN00086282,"MELBOURNE AIRPORT, AS",08/12/2018,0.2,67,87,71
ASN00086282,"MELBOURNE AIRPORT, AS",09/12/2018,1.2,62,69,59
ASN00086282,"MELBOURNE AIRPORT, AS",10/12/2018,0.4,61,71,58
ASN00086282,"MELBOURNE AIRPORT, AS",11/12/2018,0,67,78,52
ASN00086282,"MELBOURNE AIRPORT, AS",12/12/2018,0,75,93,55
ASN00086282,"MELBOURNE AIRPORT, AS",13/12/2018,21.4,62,67,60
ASN00086282,"MELBOURNE AIRPORT, AS",14/12/2018,18.2,65,75,58
ASN00086282,"MELBOURNE AIRPORT, AS",15/12/2018,21.2,66,75,58
ASN00086282,"MELBOURNE AIRPORT, AS",16/12/2018,2.2,64,73,60
ASN00086282,"MELBOURNE AIRPORT, AS",17/12/2018,0.6,64,73,56
ASN00086282,"MELBOURNE AIRPORT, AS",18/12/2018,0,64,73,59
ASN00086282,"MELBOURNE AIRPORT, AS",19/12/2018,0,68,79,61
ASN00086282,"MELBOURNE AIRPORT, AS",20/12/2018,0,61,70,58
ASN00086282,"MELBOURNE AIRPORT, AS",21/12/2018,2.2,59,72,55
ASN00086282,"MELBOURNE AIRPORT, AS",22/12/2018,36.4,59,66,53
ASN00086282,"MELBOURNE AIRPORT, AS",23/12/2018,0,66,80,49
ASN00086282,"MELBOURNE AIRPORT, AS",24/12/2018,0,75,92,53
ASN00086282,"MELBOURNE AIRPORT, AS",25/12/2018,0,65,79,54
ASN00086282,"MELBOURNE AIRPORT, AS",26/12/2018,0,69,83,53
ASN00086282,"MELBOURNE AIRPORT, AS",27/12/2018,0,85,104,58
ASN00086282,"MELBOURNE AIRPORT, AS",28/12/2018,0,77,96,69
ASN00086282,"MELBOURNE AIRPORT, AS",29/12/2018,1.2,67,72,67
ASN00086282,"MELBOURNE AIRPORT, AS",30/12/2018,0.8,64,69,62
ASN00086282,"MELBOURNE AIRPORT, AS",31/12/2018,2.8,66,78,60
ASN00086282,"MELBOURNE AIRPORT, AS",01/01/2019,0,69,81,54
ASN00086282,"MELBOURNE AIRPORT, AS",02/01/2019,0,65,74,62
ASN00086282,"MELBOURNE AIRPORT, AS",03/01/2019,0,74,87,59
ASN00086282,"MELBOURNE AIRPORT, AS",04/01/2019,0,76,110,62
ASN00086282,"MELBOURNE AIRPORT, AS",05/01/2019,0,61,70,60
ASN00086282,"MELBOURNE AIRPORT, AS",06/01/2019,1.2,65,72,51
ASN00086282,"MELBOURNE AIRPORT, AS",07/01/2019,0,67,76,61
ASN00086282,"MELBOURNE AIRPORT, AS",08/01/2019,0,66,80,60
ASN00086282,"MELBOURNE AIRPORT, AS",09/01/2019,0,60,71,58
ASN00086282,"MELBOURNE AIRPORT, AS",10/01/2019,0,62,73,48
ASN00086282,"MELBOURNE AIRPORT, AS",11/01/2019,0,78,89,52
ASN00086282,"MELBOURNE AIRPORT, AS",12/01/2019,0,66,82,64
ASN00086282,"MELBOURNE AIRPORT, AS",13/01/2019,0,72,85,55
ASN00086282,"MELBOURNE AIRPORT, AS",14/01/2019,0,78,101,62
ASN00086282,"MELBOURNE AIRPORT, AS",15/01/2019,0,78,101,61
ASN00086282,"MELBOURNE AIRPORT, AS",16/01/2019,0,74,88,62
ASN00086282,"MELBOURNE AIRPORT, AS",17/01/2019,0,82,99,67
ASN00086282,"MELBOURNE AIRPORT, AS",18/01/2019,0,67,86,70
ASN00086282,"MELBOURNE AIRPORT, AS",19/01/2019,2.4,65,75,55
ASN00086282,"MELBOURNE AIRPORT, AS",20/01/2019,0,68,76,56
ASN00086282,"MELBOURNE AIRPORT, AS",21/01/2019,0,71,85,63
ASN00086282,"MELBOURNE AIRPORT, AS",22/01/2019,0,73,88,64
ASN00086282,"MELBOURNE AIRPORT, AS",23/01/2019,0,69,78,61
ASN00086282,"MELBOURNE AIRPORT, AS",24/01/2019,0,94,107,63
ASN00086282,"MELBOURNE AIRPORT, AS",25/01/2019,0,79,115,70
ASN00086282,"MELBOURNE AIRPORT, AS",26/01/2019,0,70,83,63
ASN00086282,"MELBOURNE AIRPORT, AS",27/01/2019,0,69,84,60
ASN00086282,"MELBOURNE AIRPORT, AS",28/01/2019,0,74,96,56
ASN00086282,"MELBOURNE AIRPORT, AS",29/01/2019,0,75,100,58
ASN00086282,"MELBOURNE AIRPORT, AS",30/01/2019,0,78,104,59
ASN00086282,"MELBOURNE AIRPORT, AS",31/01/2019,7.6,61,72,60
ASN00086282,"MELBOURNE AIRPORT, AS",01/02/2019,0,64,75,52
ASN00086282,"MELBOURNE AIRPORT, AS",02/02/2019,0,81,99,55
ASN00086282,"MELBOURNE AIRPORT, AS",03/02/2019,0,77,106,64
ASN00086282,"MELBOURNE AIRPORT, AS",04/02/2019,0,66,73,63
ASN00086282,"MELBOURNE AIRPORT, AS",05/02/2019,0,69,79,62
ASN00086282,"MELBOURNE AIRPORT, AS",06/02/2019,0,78,95,60
ASN00086282,"MELBOURNE AIRPORT, AS",07/02/2019,9.4,72,86,67
ASN00086282,"MELBOURNE AIRPORT, AS",08/02/2019,0.4,64,76,62
ASN00086282,"MELBOURNE AIRPORT, AS",09/02/2019,0,57,69,53
ASN00086282,"MELBOURNE AIRPORT, AS",10/02/2019,3.2,64,77,49
ASN00086282,"MELBOURNE AIRPORT, AS",11/02/2019,0,72,85,53
ASN00086282,"MELBOURNE AIRPORT, AS",12/02/2019,0,55,71,63
ASN00086282,"MELBOURNE AIRPORT, AS",13/02/2019,2.2,57,70,49
ASN00086282,"MELBOURNE AIRPORT, AS",14/02/2019,0,65,76,48
ASN00086282,"MELBOURNE AIRPORT, AS",15/02/2019,0,66,77,59
ASN00086282,"MELBOURNE AIRPORT, AS",16/02/2019,0,67,81,58
ASN00086282,"MELBOURNE AIRPORT, AS",17/02/2019,0,76,89,54
ASN00086282,"MELBOURNE AIRPORT, AS",18/02/2019,0,63,79,67
ASN00086282,"MELBOURNE AIRPORT, AS",19/02/2019,0,59,72,51
ASN00086282,"MELBOURNE AIRPORT, AS",20/02/2019,0,62,77,48
ASN00086282,"MELBOURNE AIRPORT, AS",21/02/2019,0,63,71,51
ASN00086282,"MELBOURNE AIRPORT, AS",22/02/2019,0,65,74,59
ASN00086282,"MELBOURNE AIRPORT, AS",23/02/2019,0,65,77,60
ASN00086282,"MELBOURNE AIRPORT, AS",24/02/2019,0,78,93,55
ASN00086282,"MELBOURNE AIRPORT, AS",25/02/2019,0,79,95,66
ASN00086282,"MELBOURNE AIRPORT, AS",26/02/2019,0,64,77,62
ASN00086282,"MELBOURNE AIRPORT, AS",27/02/2019,0,75,87,52
ASN00086282,"MELBOURNE AIRPORT, AS",28/02/2019,0,88,101,60
ASN00086282,"MELBOURNE AIRPORT, AS",01/03/2019,0,86,101,78
ASN00086282,"MELBOURNE AIRPORT, AS",02/03/2019,0,86,98,72
ASN00086282,"MELBOURNE AIRPORT, AS",03/03/2019,0,78,101,74
ASN00086282,"MELBOURNE AIRPORT, AS",04/03/2019,0,69,85,61
ASN00086282,"MELBOURNE AIRPORT, AS",05/03/2019,0,65,80,61
ASN00086282,"MELBOURNE AIRPORT, AS",06/03/2019,1.2,54,64,52
ASN00086282,"MELBOURNE AIRPORT, AS",07/03/2019,1.2,63,76,43
ASN00086282,"MELBOURNE AIRPORT, AS",08/03/2019,0,67,82,52
ASN00086282,"MELBOURNE AIRPORT, AS",09/03/2019,0,66,81,54
ASN00086282,"MELBOURNE AIRPORT, AS",10/03/2019,0,68,81,54
ASN00086282,"MELBOURNE AIRPORT, AS",11/03/2019,0.8,64,76,63
ASN00086282,"MELBOURNE AIRPORT, AS",12/03/2019,0,56,68,54
ASN00086282,"MELBOURNE AIRPORT, AS",13/03/2019,0,58,66,46
ASN00086282,"MELBOURNE AIRPORT, AS",14/03/2019,0,61,73,49
ASN00086282,"MELBOURNE AIRPORT, AS",15/03/2019,0,62,73,51
ASN00086282,"MELBOURNE AIRPORT, AS",16/03/2019,0,67,84,53
ASN00086282,"MELBOURNE AIRPORT, AS",17/03/2019,0,69,83,54
ASN00086282,"MELBOURNE AIRPORT, AS",18/03/2019,0,70,82,60
ASN00086282,"MELBOURNE AIRPORT, AS",19/03/2019,0,67,76,63
ASN00086282,"MELBOURNE AIRPORT, AS",20/03/2019,0.6,69,77,64
ASN00086282,"MELBOURNE AIRPORT, AS",21/03/2019,0,69,79,65
ASN00086282,"MELBOURNE AIRPORT, AS",22/03/2019,0,75,90,64
ASN00086282,"MELBOURNE AIRPORT, AS",23/03/2019,0,71,89,66
ASN00086282,"MELBOURNE AIRPORT, AS",24/03/2019,0.8,73,87,59
ASN00086282,"MELBOURNE AIRPORT, AS",25/03/2019,0,57,67,59
ASN00086282,"MELBOURNE AIRPORT, AS",26/03/2019,0,58,71,50
ASN00086282,"MELBOURNE AIRPORT, AS",27/03/2019,0,61,74,46
ASN00086282,"MELBOURNE AIRPORT, AS",28/03/2019,0,72,83,51
ASN00086282,"MELBOURNE AIRPORT, AS",29/03/2019,0,61,85,62
ASN00086282,"MELBOURNE AIRPORT, AS",30/03/2019,0,53,62,47
ASN00086282,"MELBOURNE AIRPORT, AS",31/03/2019,1.8,57,68,47
ASN00086282,"MELBOURNE AIRPORT, AS",01/04/2019,1.8,53,64,53
ASN00086282,"MELBOURNE AIRPORT, AS",02/04/2019,0,67,79,42
ASN00086282,"MELBOURNE AIRPORT, AS",03/04/2019,0,63,79,52
ASN00086282,"MELBOURNE AIRPORT, AS",04/04/2019,0,64,73,54
ASN00086282,"MELBOURNE AIRPORT, AS",05/04/2019,0,73,85,54
ASN00086282,"MELBOURNE AIRPORT, AS",06/04/2019,0,58,72,58
ASN00086282,"MELBOURNE AIRPORT, AS",07/04/2019,0,66,80,48
ASN00086282,"MELBOURNE AIRPORT, AS",08/04/2019,0,61,74,50
ASN00086282,"MELBOURNE AIRPORT, AS",09/04/2019,1.2,52,63,48
ASN00086282,"MELBOURNE AIRPORT, AS",10/04/2019,0.2,56,62,46
ASN00086282,"MELBOURNE AIRPORT, AS",11/04/2019,0,53,65,49
ASN00086282,"MELBOURNE AIRPORT, AS",12/04/2019,0,62,78,42
ASN00086282,"MELBOURNE AIRPORT, AS",13/04/2019,0,60,69,47
ASN00086282,"MELBOURNE AIRPORT, AS",14/04/2019,0,63,76,49
ASN00086282,"MELBOURNE AIRPORT, AS",15/04/2019,0,72,81,53
ASN00086282,"MELBOURNE AIRPORT, AS",16/04/2019,0,77,87,66
ASN00086282,"MELBOURNE AIRPORT, AS",17/04/2019,0,70,88,69
ASN00086282,"MELBOURNE AIRPORT, AS",18/04/2019,0,56,65,47
ASN00086282,"MELBOURNE AIRPORT, AS",19/04/2019,0,59,73,44
ASN00086282,"MELBOURNE AIRPORT, AS",20/04/2019,0,74,88,47
ASN00086282,"MELBOURNE AIRPORT, AS",21/04/2019,0,67,82,64
ASN00086282,"MELBOURNE AIRPORT, AS",22/04/2019,0,55,62,56
ASN00086282,"MELBOURNE AIRPORT, AS",23/04/2019,0,60,66,48
ASN00086282,"MELBOURNE AIRPORT, AS",24/04/2019,0,57,75,56
ASN00086282,"MELBOURNE AIRPORT, AS",25/04/2019,0.2,61,71,45
ASN00086282,"MELBOURNE AIRPORT, AS",26/04/2019,1.6,50,61,51
ASN00086282,"MELBOURNE AIRPORT, AS",27/04/2019,0,57,61,42
ASN00086282,"MELBOURNE AIRPORT, AS",28/04/2019,0,54,62,52
ASN00086282,"MELBOURNE AIRPORT, AS",29/04/2019,0,54,64,45
ASN00086282,"MELBOURNE AIRPORT, AS",30/04/2019,0,66,74,43
ASN00086282,"MELBOURNE AIRPORT, AS",01/05/2019,0,66,72,58
ASN00086282,"MELBOURNE AIRPORT, AS",02/05/2019,5.2,60,69,60
ASN00086282,"MELBOURNE AIRPORT, AS",03/05/2019,0.8,60,69,49
ASN00086282,"MELBOURNE AIRPORT, AS",04/05/2019,0,54,60,52
ASN00086282,"MELBOURNE AIRPORT, AS",05/05/2019,0.2,53,63,50
ASN00086282,"MELBOURNE AIRPORT, AS",06/05/2019,0,51,63,46
ASN00086282,"MELBOURNE AIRPORT, AS",07/05/2019,0,56,67,43
ASN00086282,"MELBOURNE AIRPORT, AS",08/05/2019,3.6,54,62,48
ASN00086282,"MELBOURNE AIRPORT, AS",09/05/2019,0,54,61,46
ASN00086282,"MELBOURNE AIRPORT, AS",10/05/2019,12.2,51,56,48
ASN00086282,"MELBOURNE AIRPORT, AS",11/05/2019,11.6,55,60,47
ASN00086282,"MELBOURNE AIRPORT, AS",12/05/2019,0,57,63,49
ASN00086282,"MELBOURNE AIRPORT, AS",13/05/2019,0,55,65,51
ASN00086282,"MELBOURNE AIRPORT, AS",14/05/2019,0,58,68,48
ASN00086282,"MELBOURNE AIRPORT, AS",15/05/2019,0,53,61,49
ASN00086282,"MELBOURNE AIRPORT, AS",16/05/2019,0,51,63,43
ASN00086282,"MELBOURNE AIRPORT, AS",17/05/2019,0,52,67,41
ASN00086282,"MELBOURNE AIRPORT, AS",18/05/2019,0,56,72,41
ASN00086282,"MELBOURNE AIRPORT, AS",19/05/2019,0,61,69,42
ASN00086282,"MELBOURNE AIRPORT, AS",20/05/2019,0,56,64,54
ASN00086282,"MELBOURNE AIRPORT, AS",21/05/2019,0,58,69,50
ASN00086282,"MELBOURNE AIRPORT, AS",22/05/2019,0,59,71,51
ASN00086282,"MELBOURNE AIRPORT, AS",23/05/2019,0,62,70,52
ASN00086282,"MELBOURNE AIRPORT, AS",24/05/2019,0,59,66,58
ASN00086282,"MELBOURNE AIRPORT, AS",25/05/2019,0.2,56,66,52
ASN00086282,"MELBOURNE AIRPORT, AS",26/05/2019,9.4,51,59,44
ASN00086282,"MELBOURNE AIRPORT, AS",27/05/2019,6.2,48,56,43
ASN00086282,"MELBOURNE AIRPORT, AS",28/05/2019,0.4,52,60,44
ASN00086282,"MELBOURNE AIRPORT, AS",29/05/2019,1.2,44,50,44
ASN00086282,"MELBOURNE AIRPORT, AS",30/05/2019,8.4,51,54,40
ASN00086282,"MELBOURNE AIRPORT, AS",31/05/2019,0.4,52,56,45
ASN00086282,"MELBOURNE AIRPORT, AS",01/06/2019,1,53,57,51
ASN00086282,"MELBOURNE AIRPORT, AS",02/06/2019,0,49,58,50
ASN00086282,"MELBOURNE AIRPORT, AS",03/06/2019,9.4,47,50,45
ASN00086282,"MELBOURNE AIRPORT, AS",04/06/2019,18.6,48,54,42
ASN00086282,"MELBOURNE AIRPORT, AS",05/06/2019,0,51,54,43
ASN00086282,"MELBOURNE AIRPORT, AS",06/06/2019,0,53,58,48
ASN00086282,"MELBOURNE AIRPORT, AS",07/06/2019,0,50,63,50
ASN00086282,"MELBOURNE AIRPORT, AS",08/06/2019,0,54,66,40
ASN00086282,"MELBOURNE AIRPORT, AS",09/06/2019,0,57,62,48
ASN00086282,"MELBOURNE AIRPORT, AS",10/06/2019,1,55,65,52
ASN00086282,"MELBOURNE AIRPORT, AS",11/06/2019,0,58,62,47
ASN00086282,"MELBOURNE AIRPORT, AS",12/06/2019,0.8,54,61,53
ASN00086282,"MELBOURNE AIRPORT, AS",13/06/2019,4.8,54,61,45
ASN00086282,"MELBOURNE AIRPORT, AS",14/06/2019,2,53,62,47
ASN00086282,"MELBOURNE AIRPORT, AS",15/06/2019,1.2,51,58,46
ASN00086282,"MELBOURNE AIRPORT, AS",16/06/2019,0,51,61,46
ASN00086282,"MELBOURNE AIRPORT, AS",17/06/2019,0,53,63,44
ASN00086282,"MELBOURNE AIRPORT, AS",18/06/2019,0,45,54,47
ASN00086282,"MELBOURNE AIRPORT, AS",19/06/2019,2,46,52,39
ASN00086282,"MELBOURNE AIRPORT, AS",20/06/2019,1.2,44,50,42
ASN00086282,"MELBOURNE AIRPORT, AS",21/06/2019,1.8,46,53,39
ASN00086282,"MELBOURNE AIRPORT, AS",22/06/2019,5,43,53,40
ASN00086282,"MELBOURNE AIRPORT, AS",23/06/2019,0.2,44,52,36
ASN00086282,"MELBOURNE AIRPORT, AS",24/06/2019,0,46,60,35
ASN00086282,"MELBOURNE AIRPORT, AS",25/06/2019,0,49,60,37
ASN00086282,"MELBOURNE AIRPORT, AS",26/06/2019,0,52,62,36
ASN00086282,"MELBOURNE AIRPORT, AS",27/06/2019,0,54,61,41
ASN00086282,"MELBOURNE AIRPORT, AS",28/06/2019,0,58,64,49
ASN00086282,"MELBOURNE AIRPORT, AS",29/06/2019,0.6,50,58,53
ASN00086282,"MELBOURNE AIRPORT, AS",30/06/2019,8.8,50,56,44
ASN00086282,"MELBOURNE AIRPORT, AS",01/07/2019,0,49,55,46
ASN00086282,"MELBOURNE AIRPORT, AS",02/07/2019,0,52,60,44
ASN00086282,"MELBOURNE AIRPORT, AS",03/07/2019,0,48,57,45
ASN00086282,"MELBOURNE AIRPORT, AS",04/07/2019,0.2,45,55,38
ASN00086282,"MELBOURNE AIRPORT, AS",05/07/2019,0,51,63,36
ASN00086282,"MELBOURNE AIRPORT, AS",06/07/2019,0,55,63,40
ASN00086282,"MELBOURNE AIRPORT, AS",07/07/2019,0,54,62,46
ASN00086282,"MELBOURNE AIRPORT, AS",08/07/2019,2.2,50,59,45
ASN00086282,"MELBOURNE AIRPORT, AS",09/07/2019,0,51,59,40
ASN00086282,"MELBOURNE AIRPORT, AS",10/07/2019,0.2,52,59,46
ASN00086282,"MELBOURNE AIRPORT, AS",11/07/2019,5.4,53,55,42
ASN00086282,"MELBOURNE AIRPORT, AS",12/07/2019,2,48,58,48
ASN00086282,"MELBOURNE AIRPORT, AS",13/07/2019,1,46,53,42
ASN00086282,"MELBOURNE AIRPORT, AS",14/07/2019,0.4,50,55,40
ASN00086282,"MELBOURNE AIRPORT, AS",15/07/2019,1.4,52,57,46
ASN00086282,"MELBOURNE AIRPORT, AS",16/07/2019,1.8,51,56,48
ASN00086282,"MELBOURNE AIRPORT, AS",17/07/2019,0.2,49,55,48
ASN00086282,"MELBOURNE AIRPORT, AS",18/07/2019,1.2,51,58,42
ASN00086282,"MELBOURNE AIRPORT, AS",19/07/2019,1,51,58,43
ASN00086282,"MELBOURNE AIRPORT, AS",20/07/2019,0,54,61,46
ASN00086282,"MELBOURNE AIRPORT, AS",21/07/2019,0,50,58,49
ASN00086282,"MELBOURNE AIRPORT, AS",22/07/2019,0,53,60,43
ASN00086282,"MELBOURNE AIRPORT, AS",23/07/2019,0.4,49,59,47
ASN00086282,"MELBOURNE AIRPORT, AS",24/07/2019,2.4,51,58,38
ASN00086282,"MELBOURNE AIRPORT, AS",25/07/2019,0,53,61,44
ASN00086282,"MELBOURNE AIRPORT, AS",26/07/2019,0,50,55,49
ASN00086282,"MELBOURNE AIRPORT, AS",27/07/2019,6.6,49,58,44
ASN00086282,"MELBOURNE AIRPORT, AS",28/07/2019,0,51,58,41
ASN00086282,"MELBOURNE AIRPORT, AS",29/07/2019,0,50,59,47
ASN00086282,"MELBOURNE AIRPORT, AS",30/07/2019,0.2,42,53,44
ASN00086282,"MELBOURNE AIRPORT, AS",31/07/2019,0,48,54,33
ASN00086282,"MELBOURNE AIRPORT, AS",01/08/2019,0,50,55,45
ASN00086282,"MELBOURNE AIRPORT, AS",02/08/2019,0.4,51,54,45
ASN00086282,"MELBOURNE AIRPORT, AS",03/08/2019,0,50,56,49
ASN00086282,"MELBOURNE AIRPORT, AS",04/08/2019,0.6,50,55,44
ASN00086282,"MELBOURNE AIRPORT, AS",05/08/2019,0,51,59,44
ASN00086282,"MELBOURNE AIRPORT, AS",06/08/2019,0,51,55,44
ASN00086282,"MELBOURNE AIRPORT, AS",07/08/2019,0,48,58,45
ASN00086282,"MELBOURNE AIRPORT, AS",08/08/2019,12,48,56,41
ASN00086282,"MELBOURNE AIRPORT, AS",09/08/2019,2.8,42,49,44
ASN00086282,"MELBOURNE AIRPORT, AS",10/08/2019,3.4,44,54,35
ASN00086282,"MELBOURNE AIRPORT, AS",11/08/2019,7.4,48,54,38
ASN00086282,"MELBOURNE AIRPORT, AS",12/08/2019,6.4,48,54,41
ASN00086282,"MELBOURNE AIRPORT, AS",13/08/2019,0,50,55,44
ASN00086282,"MELBOURNE AIRPORT, AS",14/08/2019,0.4,48,57,47
ASN00086282,"MELBOURNE AIRPORT, AS",15/08/2019,0,53,61,44
ASN00086282,"MELBOURNE AIRPORT, AS",16/08/2019,0,48,62,46
ASN00086282,"MELBOURNE AIRPORT, AS",17/08/2019,2.4,52,60,39
ASN00086282,"MELBOURNE AIRPORT, AS",18/08/2019,0,48,64,45
ASN00086282,"MELBOURNE AIRPORT, AS",19/08/2019,3.4,48,53,40
ASN00086282,"MELBOURNE AIRPORT, AS",20/08/2019,0.4,55,61,43
ASN00086282,"MELBOURNE AIRPORT, AS",21/08/2019,0,54,60,51
ASN00086282,"MELBOURNE AIRPORT, AS",22/08/2019,0.6,45,55,46
ASN00086282,"MELBOURNE AIRPORT, AS",23/08/2019,0,51,60,35
ASN00086282,"MELBOURNE AIRPORT, AS",24/08/2019,0,50,64,44
ASN00086282,"MELBOURNE AIRPORT, AS",25/08/2019,0.4,46,57,37
ASN00086282,"MELBOURNE AIRPORT, AS",26/08/2019,0,48,57,37
ASN00086282,"MELBOURNE AIRPORT, AS",27/08/2019,0,51,60,37
ASN00086282,"MELBOURNE AIRPORT, AS",28/08/2019,0,45,54,41
ASN00086282,"MELBOURNE AIRPORT, AS",29/08/2019,6.4,44,54,38
ASN00086282,"MELBOURNE AIRPORT, AS",30/08/2019,0.2,49,60,32
ASN00086282,"MELBOURNE AIRPORT, AS",31/08/2019,0,55,64,39
ASN00086282,"MELBOURNE AIRPORT, AS",01/09/2019,0,52,66,48
ASN00086282,"MELBOURNE AIRPORT, AS",02/09/2019,3.2,57,63,44
ASN00086282,"MELBOURNE AIRPORT, AS",03/09/2019,1.2,54,71,50
ASN00086282,"MELBOURNE AIRPORT, AS",04/09/2019,0,55,67,42
ASN00086282,"MELBOURNE AIRPORT, AS",05/09/2019,0.2,57,67,45
ASN00086282,"MELBOURNE AIRPORT, AS",06/09/2019,1.6,50,60,49
ASN00086282,"MELBOURNE AIRPORT, AS",07/09/2019,1.8,47,56,45
ASN00086282,"MELBOURNE AIRPORT, AS",08/09/2019,0.8,47,60,40
ASN00086282,"MELBOURNE AIRPORT, AS",09/09/2019,9.6,47,55,41
ASN00086282,"MELBOURNE AIRPORT, AS",10/09/2019,0.4,47,58,41
ASN00086282,"MELBOURNE AIRPORT, AS",11/09/2019,0,58,68,39
ASN00086282,"MELBOURNE AIRPORT, AS",12/09/2019,0,55,68,51
ASN00086282,"MELBOURNE AIRPORT, AS",13/09/2019,0,53,64,40
ASN00086282,"MELBOURNE AIRPORT, AS",14/09/2019,0,59,68,44
ASN00086282,"MELBOURNE AIRPORT, AS",15/09/2019,1,56,67,53
ASN00086282,"MELBOURNE AIRPORT, AS",16/09/2019,11.8,45,54,46
ASN00086282,"MELBOURNE AIRPORT, AS",17/09/2019,0,46,56,34
ASN00086282,"MELBOURNE AIRPORT, AS",18/09/2019,0,54,67,37
ASN00086282,"MELBOURNE AIRPORT, AS",19/09/2019,0,67,73,41
ASN00086282,"MELBOURNE AIRPORT, AS",20/09/2019,0,69,76,61
ASN00086282,"MELBOURNE AIRPORT, AS",21/09/2019,0,52,66,61
ASN00086282,"MELBOURNE AIRPORT, AS",22/09/2019,3,51,60,39
ASN00086282,"MELBOURNE AIRPORT, AS",23/09/2019,1,49,61,45
ASN00086282,"MELBOURNE AIRPORT, AS",24/09/2019,2.4,51,59,39
ASN00086282,"MELBOURNE AIRPORT, AS",25/09/2019,0,51,62,40
ASN00086282,"MELBOURNE AIRPORT, AS",26/09/2019,0,57,69,41
ASN00086282,"MELBOURNE AIRPORT, AS",27/09/2019,0,49,67,50
ASN00086282,"MELBOURNE AIRPORT, AS",28/09/2019,0.4,49,58,40
ASN00086282,"MELBOURNE AIRPORT, AS",29/09/2019,0,51,60,41
ASN00086282,"MELBOURNE AIRPORT, AS",30/09/2019,0,47,58,42
ASN00086282,"MELBOURNE AIRPORT, AS",01/10/2019,0,58,73,34
ASN00086282,"MELBOURNE AIRPORT, AS",02/10/2019,0,69,80,44
ASN00086282,"MELBOURNE AIRPORT, AS",03/10/2019,0,62,84,60
ASN00086282,"MELBOURNE AIRPORT, AS",04/10/2019,0,51,60,50
ASN00086282,"MELBOURNE AIRPORT, AS",05/10/2019,2.6,67,74,45
ASN00086282,"MELBOURNE AIRPORT, AS",06/10/2019,0,61,76,53
ASN00086282,"MELBOURNE AIRPORT, AS",07/10/2019,0,54,62,50
ASN00086282,"MELBOURNE AIRPORT, AS",08/10/2019,1.4,48,56,46
ASN00086282,"MELBOURNE AIRPORT, AS",09/10/2019,4.4,51,59,43
ASN00086282,"MELBOURNE AIRPORT, AS",10/10/2019,1.8,51,58,46
ASN00086282,"MELBOURNE AIRPORT, AS",11/10/2019,0.4,53,67,46
ASN00086282,"MELBOURNE AIRPORT, AS",12/10/2019,9.4,56,67,43
ASN00086282,"MELBOURNE AIRPORT, AS",13/10/2019,0,63,72,43
ASN00086282,"MELBOURNE AIRPORT, AS",14/10/2019,0.6,60,78,54
ASN00086282,"MELBOURNE AIRPORT, AS",15/10/2019,0.2,57,65,51
ASN00086282,"MELBOURNE AIRPORT, AS",16/10/2019,0,55,68,52
ASN00086282,"MELBOURNE AIRPORT, AS",17/10/2019,8,50,59,45
ASN00086282,"MELBOURNE AIRPORT, AS",18/10/2019,0.2,56,70,39
ASN00086282,"MELBOURNE AIRPORT, AS",19/10/2019,0.2,50,60,43
ASN00086282,"MELBOURNE AIRPORT, AS",20/10/2019,0.6,54,62,44
ASN00086282,"MELBOURNE AIRPORT, AS",21/10/2019,0,55,63,49
ASN00086282,"MELBOURNE AIRPORT, AS",22/10/2019,0,58,72,49
ASN00086282,"MELBOURNE AIRPORT, AS",23/10/2019,0,69,84,42
ASN00086282,"MELBOURNE AIRPORT, AS",24/10/2019,0,79,92,53
ASN00086282,"MELBOURNE AIRPORT, AS",25/10/2019,0,60,74,61
ASN00086282,"MELBOURNE AIRPORT, AS",26/10/2019,0.2,52,61,48
ASN00086282,"MELBOURNE AIRPORT, AS",27/10/2019,2.6,53,63,44
ASN00086282,"MELBOURNE AIRPORT, AS",28/10/2019,0.6,60,73,42
ASN00086282,"MELBOURNE AIRPORT, AS",29/10/2019,0,70,86,44
ASN00086282,"MELBOURNE AIRPORT, AS",30/10/2019,0,72,83,50
ASN00086282,"MELBOURNE AIRPORT, AS",31/10/2019,0,78,92,56
ASN00086282,"MELBOURNE AIRPORT, AS",01/11/2019,0,76,94,66
ASN00086282,"MELBOURNE AIRPORT, AS",02/11/2019,5.8,61,65,59
ASN00086282,"MELBOURNE AIRPORT, AS",03/11/2019,8,56,69,52
ASN00086282,"MELBOURNE AIRPORT, AS",04/11/2019,3.6,49,61,45
ASN00086282,"MELBOURNE AIRPORT, AS",05/11/2019,6.4,59,67,40
ASN00086282,"MELBOURNE AIRPORT, AS",06/11/2019,0,61,75,51
ASN00086282,"MELBOURNE AIRPORT, AS",07/11/2019,0,57,68,50
ASN00086282,"MELBOURNE AIRPORT, AS",08/11/2019,2.8,48,58,48
ASN00086282,"MELBOURNE AIRPORT, AS",09/11/2019,3,53,58,42
ASN00086282,"MELBOURNE AIRPORT, AS",10/11/2019,0.2,57,64,49
ASN00086282,"MELBOURNE AIRPORT, AS",11/11/2019,0,71,85,45
ASN00086282,"MELBOURNE AIRPORT, AS",12/11/2019,0,51,63,52
ASN00086282,"MELBOURNE AIRPORT, AS",13/11/2019,2.4,56,63,43
ASN00086282,"MELBOURNE AIRPORT, AS",14/11/2019,0,61,72,51
ASN00086282,"MELBOURNE AIRPORT, AS",15/11/2019,0,54,67,52
ASN00086282,"MELBOURNE AIRPORT, AS",16/11/2019,0.4,56,65,43
ASN00086282,"MELBOURNE AIRPORT, AS",17/11/2019,0,53,63,46
ASN00086282,"MELBOURNE AIRPORT, AS",18/11/2019,0,64,83,42
ASN00086282,"MELBOURNE AIRPORT, AS",19/11/2019,0,58,68,47
ASN00086282,"MELBOURNE AIRPORT, AS",20/11/2019,0,84,95,47
ASN00086282,"MELBOURNE AIRPORT, AS",21/11/2019,0,68,107,59
ASN00086282,"MELBOURNE AIRPORT, AS",22/11/2019,0,57,69,54
ASN00086282,"MELBOURNE AIRPORT, AS",23/11/2019,0,60,76,45
ASN00086282,"MELBOURNE AIRPORT, AS",24/11/2019,0,62,77,50
ASN00086282,"MELBOURNE AIRPORT, AS",25/11/2019,0,67,85,48
ASN00086282,"MELBOURNE AIRPORT, AS",26/11/2019,0.8,50,59,50
ASN00086282,"MELBOURNE AIRPORT, AS",27/11/2019,6.6,61,78,41
ASN00086282,"MELBOURNE AIRPORT, AS",28/11/2019,0,61,75,48
ASN00086282,"MELBOURNE AIRPORT, AS",29/11/2019,0,58,73,52
ASN00086282,"MELBOURNE AIRPORT, AS",30/11/2019,9.6,56,67,49
ASN00086282,"MELBOURNE AIRPORT, AS",01/12/2019,0.2,53,63,49
ASN00086282,"MELBOURNE AIRPORT, AS",02/12/2019,5,54,61,47
ASN00086282,"MELBOURNE AIRPORT, AS",03/12/2019,0.6,61,73,48
ASN00086282,"MELBOURNE AIRPORT, AS",04/12/2019,0,60,74,51
ASN00086282,"MELBOURNE AIRPORT, AS",05/12/2019,0,62,77,46
ASN00086282,"MELBOURNE AIRPORT, AS",06/12/2019,0,57,70,53
ASN00086282,"MELBOURNE AIRPORT, AS",07/12/2019,0,61,75,45
ASN00086282,"MELBOURNE AIRPORT, AS",08/12/2019,0,70,85,54
ASN00086282,"MELBOURNE AIRPORT, AS",09/12/2019,0,74,103,59
ASN00086282,"MELBOURNE AIRPORT, AS",10/12/2019,0.2,58,65,55
ASN00086282,"MELBOURNE AIRPORT, AS",11/12/2019,0,59,69,53
ASN00086282,"MELBOURNE AIRPORT, AS",12/12/2019,0,57,69,54
ASN00086282,"MELBOURNE AIRPORT, AS",13/12/2019,0,62,72,47
ASN00086282,"MELBOURNE AIRPORT, AS",14/12/2019,0,62,72,56
ASN00086282,"MELBOURNE AIRPORT, AS",15/12/2019,0,62,75,56
ASN00086282,"MELBOURNE AIRPORT, AS",16/12/2019,0,62,74,49
ASN00086282,"MELBOURNE AIRPORT, AS",17/12/2019,0,74,87,49
ASN00086282,"MELBOURNE AIRPORT, AS",18/12/2019,0,83,106,56
ASN00086282,"MELBOURNE AIRPORT, AS",19/12/2019,0,67,79,62
ASN00086282,"MELBOURNE AIRPORT, AS",20/12/2019,0,90,112,53
ASN00086282,"MELBOURNE AIRPORT, AS",21/12/2019,0,60,69,62
ASN00086282,"MELBOURNE AIRPORT, AS",22/12/2019,0,60,70,54
ASN00086282,"MELBOURNE AIRPORT, AS",23/12/2019,0,62,75,55
ASN00086282,"MELBOURNE AIRPORT, AS",24/12/2019,0,67,79,56
ASN00086282,"MELBOURNE AIRPORT, AS",25/12/2019,0,71,89,55
ASN00086282,"MELBOURNE AIRPORT, AS",26/12/2019,0,63,73,59
ASN00086282,"MELBOURNE AIRPORT, AS",27/12/2019,0,75,85,54
ASN00086282,"MELBOURNE AIRPORT, AS",28/12/2019,0,74,89,61
ASN00086282,"MELBOURNE AIRPORT, AS",29/12/2019,0,81,95,59
ASN00086282,"MELBOURNE AIRPORT, AS",30/12/2019,0,79,109,67
ASN00086282,"MELBOURNE AIRPORT, AS",31/12/2019,1.8,61,73,57
ASN00086282,"MELBOURNE AIRPORT, AS",01/01/2020,0,65,79,49
ASN00086282,"MELBOURNE AIRPORT, AS",02/01/2020,0,66,80,50
ASN00086282,"MELBOURNE AIRPORT, AS",03/01/2020,0,82,98,53
ASN00086282,"MELBOURNE AIRPORT, AS",04/01/2020,0,64,86,65
ASN00086282,"MELBOURNE AIRPORT, AS",05/01/2020,1.6,56,60,54
ASN00086282,"MELBOURNE AIRPORT, AS",06/01/2020,9,59,63,53
ASN00086282,"MELBOURNE AIRPORT, AS",07/01/2020,0.6,64,68,53
ASN00086282,"MELBOURNE AIRPORT, AS",08/01/2020,0,68,79,61
ASN00086282,"MELBOURNE AIRPORT, AS",09/01/2020,0,81,93,61
ASN00086282,"MELBOURNE AIRPORT, AS",10/01/2020,0,62,93,67
ASN00086282,"MELBOURNE AIRPORT, AS",11/01/2020,14.4,59,67,53
ASN00086282,"MELBOURNE AIRPORT, AS",12/01/2020,0.2,61,71,53
ASN00086282,"MELBOURNE AIRPORT, AS",13/01/2020,0,76,91,52
ASN00086282,"MELBOURNE AIRPORT, AS",14/01/2020,0,80,93,61
ASN00086282,"MELBOURNE AIRPORT, AS",15/01/2020,0,72,101,66
ASN00086282,"MELBOURNE AIRPORT, AS",16/01/2020,30.2,59,67,59
ASN00086282,"MELBOURNE AIRPORT, AS",17/01/2020,0.8,63,78,53
ASN00086282,"MELBOURNE AIRPORT, AS",18/01/2020,0,71,84,53
ASN00086282,"MELBOURNE AIRPORT, AS",19/01/2020,0,71,84,62
ASN00086282,"MELBOURNE AIRPORT, AS",20/01/2020,0.4,61,75,62
ASN00086282,"MELBOURNE AIRPORT, AS",21/01/2020,24.8,65,76,56
ASN00086282,"MELBOURNE AIRPORT, AS",22/01/2020,0,69,90,56
ASN00086282,"MELBOURNE AIRPORT, AS",23/01/2020,17.8,61,74,54
ASN00086282,"MELBOURNE AIRPORT, AS",24/01/2020,0.2,65,75,50
ASN00086282,"MELBOURNE AIRPORT, AS",25/01/2020,0,68,82,54
ASN00086282,"MELBOURNE AIRPORT, AS",26/01/2020,0,65,77,55
ASN00086282,"MELBOURNE AIRPORT, AS",27/01/2020,0,63,77,51
ASN00086282,"MELBOURNE AIRPORT, AS",28/01/2020,0,66,79,53
ASN00086282,"MELBOURNE AIRPORT, AS",29/01/2020,0,74,89,61
ASN00086282,"MELBOURNE AIRPORT, AS",30/01/2020,0,88,103,59
ASN00086282,"MELBOURNE AIRPORT, AS",31/01/2020,0,88,110,69
ASN00086282,"MELBOURNE AIRPORT, AS",01/02/2020,2.2,63,84,73
ASN00086282,"MELBOURNE AIRPORT, AS",02/02/2020,15.6,63,76,55
ASN00086282,"MELBOURNE AIRPORT, AS",03/02/2020,0,58,66,53
ASN00086282,"MELBOURNE AIRPORT, AS",04/02/2020,0,59,67,51
ASN00086282,"MELBOURNE AIRPORT, AS",05/02/2020,0,62,69,52
ASN00086282,"MELBOURNE AIRPORT, AS",06/02/2020,0,69,83,58
ASN00086282,"MELBOURNE AIRPORT, AS",07/02/2020,0,68,78,60
ASN00086282,"MELBOURNE AIRPORT, AS",08/02/2020,0,73,86,60
ASN00086282,"MELBOURNE AIRPORT, AS",09/02/2020,0,70,82,60
ASN00086282,"MELBOURNE AIRPORT, AS",10/02/2020,0.8,71,82,63
ASN00086282,"MELBOURNE AIRPORT, AS",11/02/2020,0,70,83,63
ASN00086282,"MELBOURNE AIRPORT, AS",12/02/2020,0.8,70,78,63
ASN00086282,"MELBOURNE AIRPORT, AS",13/02/2020,0,76,88,63
ASN00086282,"MELBOURNE AIRPORT, AS",14/02/2020,0,72,94,66
ASN00086282,"MELBOURNE AIRPORT, AS",15/02/2020,11,62,66,64
ASN00086282,"MELBOURNE AIRPORT, AS",16/02/2020,3.4,65,79,59
ASN00086282,"MELBOURNE AIRPORT, AS",17/02/2020,0,70,81,57
ASN00086282,"MELBOURNE AIRPORT, AS",18/02/2020,0.8,62,71,62
ASN00086282,"MELBOURNE AIRPORT, AS",19/02/2020,9.4,58,68,55
ASN00086282,"MELBOURNE AIRPORT, AS",20/02/2020,1.8,58,64,54
ASN00086282,"MELBOURNE AIRPORT, AS",21/02/2020,0.2,58,67,53
ASN00086282,"MELBOURNE AIRPORT, AS",22/02/2020,0.2,60,71,49
ASN00086282,"MELBOURNE AIRPORT, AS",23/02/2020,0,73,94,52
ASN00086282,"MELBOURNE AIRPORT, AS",24/02/2020,0,70,83,60
ASN00086282,"MELBOURNE AIRPORT, AS",25/02/2020,0.6,69,89,62
ASN00086282,"MELBOURNE AIRPORT, AS",26/02/2020,9.2,55,69,55
ASN00086282,"MELBOURNE AIRPORT, AS",27/02/2020,0.2,60,69,45
ASN00086282,"MELBOURNE AIRPORT, AS",28/02/2020,0.4,60,68,55
ASN00086282,"MELBOURNE AIRPORT, AS",29/02/2020,0,63,74,53
ASN00086282,"MELBOURNE AIRPORT, AS",01/03/2020,0,71,90,51
ASN00086282,"MELBOURNE AIRPORT, AS",02/03/2020,0.8,59,66,53
ASN00086282,"MELBOURNE AIRPORT, AS",03/03/2020,0,60,68,54
ASN00086282,"MELBOURNE AIRPORT, AS",04/03/2020,0,65,72,54
ASN00086282,"MELBOURNE AIRPORT, AS",05/03/2020,69,62,68,59
ASN00086282,"MELBOURNE AIRPORT, AS",06/03/2020,14.2,60,67,57
ASN00086282,"MELBOURNE AIRPORT, AS",07/03/2020,0,60,68,56
ASN00086282,"MELBOURNE AIRPORT, AS",08/03/2020,0,60,71,53
ASN00086282,"MELBOURNE AIRPORT, AS",09/03/2020,0,58,69,50
ASN00086282,"MELBOURNE AIRPORT, AS",10/03/2020,0,62,75,48
ASN00086282,"MELBOURNE AIRPORT, AS",11/03/2020,0,74,85,54
ASN00086282,"MELBOURNE AIRPORT, AS",12/03/2020,0,74,85,63
ASN00086282,"MELBOURNE AIRPORT, AS",13/03/2020,0,61,81,64
ASN00086282,"MELBOURNE AIRPORT, AS",14/03/2020,1.6,56,63,52
ASN00086282,"MELBOURNE AIRPORT, AS",15/03/2020,0.2,56,65,52
ASN00086282,"MELBOURNE AIRPORT, AS",16/03/2020,0,65,78,45
ASN00086282,"MELBOURNE AIRPORT, AS",17/03/2020,0,72,81,54
ASN00086282,"MELBOURNE AIRPORT, AS",18/03/2020,0,74,82,64
ASN00086282,"MELBOURNE AIRPORT, AS",19/03/2020,0,72,89,64
ASN00086282,"MELBOURNE AIRPORT, AS",20/03/2020,0,62,73,54
ASN00086282,"MELBOURNE AIRPORT, AS",21/03/2020,0,57,65,52
ASN00086282,"MELBOURNE AIRPORT, AS",22/03/2020,0,55,65,49
ASN00086282,"MELBOURNE AIRPORT, AS",23/03/2020,0,54,64,47
ASN00086282,"MELBOURNE AIRPORT, AS",24/03/2020,0,58,65,43
ASN00086282,"MELBOURNE AIRPORT, AS",25/03/2020,0,57,61,52
ASN00086282,"MELBOURNE AIRPORT, AS",26/03/2020,0.2,58,68,51
ASN00086282,"MELBOURNE AIRPORT, AS",27/03/2020,0,67,81,49
ASN00086282,"MELBOURNE AIRPORT, AS",28/03/2020,0,72,81,56
ASN00086282,"MELBOURNE AIRPORT, AS",29/03/2020,0,64,78,66
ASN00086282,"MELBOURNE AIRPORT, AS",30/03/2020,3.8,60,72,56
ASN00086282,"MELBOURNE AIRPORT, AS",31/03/2020,0,59,71,49
ASN00086282,"MELBOURNE AIRPORT, AS",01/04/2020,0,65,76,47
ASN00086282,"MELBOURNE AIRPORT, AS",02/04/2020,25.2,60,68,55
ASN00086282,"MELBOURNE AIRPORT, AS",03/04/2020,20.6,61,71,55
ASN00086282,"MELBOURNE AIRPORT, AS",04/04/2020,31,50,60,54
ASN00086282,"MELBOURNE AIRPORT, AS",05/04/2020,2.4,54,63,45
ASN00086282,"MELBOURNE AIRPORT, AS",06/04/2020,2.4,55,61,47
ASN00086282,"MELBOURNE AIRPORT, AS",07/04/2020,0.4,54,60,51
ASN00086282,"MELBOURNE AIRPORT, AS",08/04/2020,1.4,55,64,51
ASN00086282,"MELBOURNE AIRPORT, AS",09/04/2020,0.2,60,71,46
ASN00086282,"MELBOURNE AIRPORT, AS",10/04/2020,0,63,70,53
ASN00086282,"MELBOURNE AIRPORT, AS",11/04/2020,2.4,53,60,52
ASN00086282,"MELBOURNE AIRPORT, AS",12/04/2020,2.4,53,58,50
ASN00086282,"MELBOURNE AIRPORT, AS",13/04/2020,0,58,66,49
ASN00086282,"MELBOURNE AIRPORT, AS",14/04/2020,0.2,64,73,51
ASN00086282,"MELBOURNE AIRPORT, AS",15/04/2020,0,67,72,56
ASN00086282,"MELBOURNE AIRPORT, AS",16/04/2020,0.2,57,70,56
ASN00086282,"MELBOURNE AIRPORT, AS",17/04/2020,0,56,65,47
ASN00086282,"MELBOURNE AIRPORT, AS",18/04/2020,0.2,54,60,51
ASN00086282,"MELBOURNE AIRPORT, AS",19/04/2020,0,58,64,44
ASN00086282,"MELBOURNE AIRPORT, AS",20/04/2020,1.6,54,68,53
ASN00086282,"MELBOURNE AIRPORT, AS",21/04/2020,0.6,58,66,45
ASN00086282,"MELBOURNE AIRPORT, AS",22/04/2020,0,55,65,50
ASN00086282,"MELBOURNE AIRPORT, AS",23/04/2020,0,62,66,46
ASN00086282,"MELBOURNE AIRPORT, AS",24/04/2020,0.2,59,71,54
ASN00086282,"MELBOURNE AIRPORT, AS",25/04/2020,0,62,70,48
ASN00086282,"MELBOURNE AIRPORT, AS",26/04/2020,13.4,52,63,57
ASN00086282,"MELBOURNE AIRPORT, AS",27/04/2020,1,53,63,43
ASN00086282,"MELBOURNE AIRPORT, AS",28/04/2020,0,60,64,42
ASN00086282,"MELBOURNE AIRPORT, AS",29/04/2020,0.2,51,67,54
ASN00086282,"MELBOURNE AIRPORT, AS",30/04/2020,24.8,49,59,44
ASN00086282,"MELBOURNE AIRPORT, AS",01/05/2020,1.8,50,55,44
ASN00086282,"MELBOURNE AIRPORT, AS",02/05/2020,0.8,50,56,47
ASN00086282,"MELBOURNE AIRPORT, AS",03/05/2020,0.8,51,58,46
ASN00086282,"MELBOURNE AIRPORT, AS",04/05/2020,0.2,51,56,44
ASN00086282,"MELBOURNE AIRPORT, AS",05/05/2020,0.4,57,65,42
ASN00086282,"MELBOURNE AIRPORT, AS",06/05/2020,0,60,66,49
ASN00086282,"MELBOURNE AIRPORT, AS",07/05/2020,0,60,69,55
ASN00086282,"MELBOURNE AIRPORT, AS",08/05/2020,0,58,66,49
ASN00086282,"MELBOURNE AIRPORT, AS",09/05/2020,0,47,56,49
ASN00086282,"MELBOURNE AIRPORT, AS",10/05/2020,6,49,57,40
ASN00086282,"MELBOURNE AIRPORT, AS",11/05/2020,0.8,54,63,43
ASN00086282,"MELBOURNE AIRPORT, AS",12/05/2020,0,53,58,48
ASN00086282,"MELBOURNE AIRPORT, AS",13/05/2020,3.4,49,57,48
ASN00086282,"MELBOURNE AIRPORT, AS",14/05/2020,0,45,58,41
ASN00086282,"MELBOURNE AIRPORT, AS",15/05/2020,0,47,59,37
ASN00086282,"MELBOURNE AIRPORT, AS",16/05/2020,0,50,63,38
ASN00086282,"MELBOURNE AIRPORT, AS",17/05/2020,0,49,64,36
ASN00086282,"MELBOURNE AIRPORT, AS",18/05/2020,0,54,64,40
ASN00086282,"MELBOURNE AIRPORT, AS",19/05/2020,0,56,61,47
ASN00086282,"MELBOURNE AIRPORT, AS",20/05/2020,14.4,52,59,49
ASN00086282,"MELBOURNE AIRPORT, AS",21/05/2020,12.8,49,55,47
ASN00086282,"MELBOURNE AIRPORT, AS",22/05/2020,1.2,51,55,46
ASN00086282,"MELBOURNE AIRPORT, AS",23/05/2020,0.6,51,55,48
ASN00086282,"MELBOURNE AIRPORT, AS",24/05/2020,6.4,48,55,49
ASN00086282,"MELBOURNE AIRPORT, AS",25/05/2020,0.2,47,58,38
ASN00086282,"MELBOURNE AIRPORT, AS",26/05/2020,0,53,63,34
ASN00086282,"MELBOURNE AIRPORT, AS",27/05/2020,0,54,59,42
ASN00086282,"MELBOURNE AIRPORT, AS",28/05/2020,0,53,64,49
ASN00086282,"MELBOURNE AIRPORT, AS",29/05/2020,0,53,60,45
ASN00086282,"MELBOURNE AIRPORT, AS",30/05/2020,0,56,60,49
ASN00086282,"MELBOURNE AIRPORT, AS",31/05/2020,0,54,62,50
ASN00086282,"MELBOURNE AIRPORT, AS",01/06/2020,3.4,47,51,46
ASN00086282,"MELBOURNE AIRPORT, AS",02/06/2020,5,53,58,44
ASN00086282,"MELBOURNE AIRPORT, AS",03/06/2020,0,51,57,48
ASN00086282,"MELBOURNE AIRPORT, AS",04/06/2020,0,47,57,45
ASN00086282,"MELBOURNE AIRPORT, AS",05/06/2020,0,47,57,36
ASN00086282,"MELBOURNE AIRPORT, AS",06/06/2020,0,50,57,40
ASN00086282,"MELBOURNE AIRPORT, AS",07/06/2020,0.4,45,52,45
ASN00086282,"MELBOURNE AIRPORT, AS",08/06/2020,0.4,43,54,35
ASN00086282,"MELBOURNE AIRPORT, AS",09/06/2020,0,48,58,35
ASN00086282,"MELBOURNE AIRPORT, AS",10/06/2020,0,48,62,40
ASN00086282,"MELBOURNE AIRPORT, AS",11/06/2020,0,47,61,38
ASN00086282,"MELBOURNE AIRPORT, AS",12/06/2020,0,52,57,38
ASN00086282,"MELBOURNE AIRPORT, AS",13/06/2020,0,54,59,42
ASN00086282,"MELBOURNE AIRPORT, AS",14/06/2020,4.2,55,57,45
ASN00086282,"MELBOURNE AIRPORT, AS",15/06/2020,0,57,64,50
ASN00086282,"MELBOURNE AIRPORT, AS",16/06/2020,0,53,64,52
ASN00086282,"MELBOURNE AIRPORT, AS",17/06/2020,0.6,45,57,47
ASN00086282,"MELBOURNE AIRPORT, AS",18/06/2020,0,53,59,36
ASN00086282,"MELBOURNE AIRPORT, AS",19/06/2020,0,56,60,45
ASN00086282,"MELBOURNE AIRPORT, AS",20/06/2020,2,50,61,47
ASN00086282,"MELBOURNE AIRPORT, AS",21/06/2020,0.2,48,52,40
ASN00086282,"MELBOURNE AIRPORT, AS",22/06/2020,2,50,55,43
ASN00086282,"MELBOURNE AIRPORT, AS",23/06/2020,3.6,53,59,47
ASN00086282,"MELBOURNE AIRPORT, AS",24/06/2020,0,53,59,49
ASN00086282,"MELBOURNE AIRPORT, AS",25/06/2020,0,49,60,47
ASN00086282,"MELBOURNE AIRPORT, AS",26/06/2020,1,48,57,41
ASN00086282,"MELBOURNE AIRPORT, AS",27/06/2020,0,44,56,38
ASN00086282,"MELBOURNE AIRPORT, AS",28/06/2020,0,42,54,35
ASN00086282,"MELBOURNE AIRPORT, AS",29/06/2020,0,47,58,32
ASN00086282,"MELBOURNE AIRPORT, AS",30/06/2020,0,53,57,37